"location","oblast","y2014","lon","lat","type"
"м. Сімферополь","Автономна Республіка Крим",338319,34.100156,44.948314,"місто"
"смт Аграрне","Автономна Республіка Крим",6093,34.056453,45.015613,"смт"
"смт Аерофлотський","Автономна Республіка Крим",2359,34.003713,45.019494,"смт"
"смт Гресівський","Автономна Республіка Крим",11509,34.027545,45.007508,"смт"
"смт Комсомольське","Автономна Республіка Крим",4892,34.393627,45.77728,"смт"
"м. Алушта","Автономна Республіка Крим",28295,34.410048,44.676379,"місто"
"смт Партеніт","Автономна Республіка Крим",6086,34.340752,44.576604,"смт"
"м. Армянськ","Автономна Республіка Крим",22286,33.691099,46.105835,"місто"
"м. Джанкой","Автономна Республіка Крим",35693,34.388371,45.709282,"місто"
"м. Євпаторія","Автономна Республіка Крим",107040,33.366861,45.190445,"місто"
"смт Заозерне","Автономна Республіка Крим",5023,33.279141,45.160023,"смт"
"смт Мирний","Автономна Республіка Крим",4210,33.034682,45.308109,"смт"
"смт Новоозерне","Автономна Республіка Крим",7393,33.117624,45.383978,"смт"
"м. Керч","Автономна Республіка Крим",144626,36.467352,45.3562,"місто"
"м. Красноперекопськ","Автономна Республіка Крим",29672,33.792133,45.953712,"місто"
"м. Саки","Автономна Республіка Крим",23391,33.603325,45.134296,"місто"
"м. Судак","Автономна Республіка Крим",15532,34.976157,44.850526,"місто"
"смт Новий Світ","Автономна Республіка Крим",1117,34.91208,44.82822,"смт"
"м. Феодосія","Автономна Республіка Крим",69040,35.382429,45.031929,"місто"
"смт Коктебель","Автономна Республіка Крим",2869,35.239462,44.960006,"смт"
"смт Курортне","Автономна Республіка Крим",337,36.342252,45.473942,"смт"
"смт Орджонікідзе","Автономна Республіка Крим",2650,35.357905,44.96366,"смт"
"смт Приморський","Автономна Республіка Крим",14975,35.476456,45.119002,"смт"
"смт Щебетовка","Автономна Республіка Крим",3601,35.157572,44.93928,"смт"
"м. Ялта","Автономна Республіка Крим",78200,34.166353,44.495273,"місто"
"м. Алупка","Автономна Республіка Крим",8528,34.04455,44.416327,"місто"
"смт Берегове","Автономна Республіка Крим",489,33.892555,44.405329,"смт"
"смт Виноградне","Автономна Республіка Крим",1406,35.850469,45.29342,"смт"
"смт Відрадне","Автономна Республіка Крим",694,33.733077,44.860755,"смт"
"смт Восход","Автономна Республіка Крим",456,34.217665,44.513525,"смт"
"смт Гаспра","Автономна Республіка Крим",11384,34.105761,44.430252,"смт"
"смт Голуба затока","Автономна Республіка Крим",443,33.986995,44.415007,"смт"
"смт Гурзуф","Автономна Республіка Крим",9152,34.291515,44.547382,"смт"
"смт Кацівелі","Автономна Республіка Крим",625,33.972047,44.393356,"смт"
"смт Кореїз","Автономна Республіка Крим",6337,34.08351,44.42769,"смт"
"смт Краснокам'янка","Автономна Республіка Крим",1021,34.289548,44.562875,"смт"
"смт Курпати","Автономна Республіка Крим",415,34.132486,44.442352,"смт"
"смт Лівадія","Автономна Республіка Крим",1636,34.145952,44.471446,"смт"
"смт Масандра","Автономна Республіка Крим",8623,34.186035,44.514701,"смт"
"смт Нікіта","Автономна Республіка Крим",2475,34.240455,44.511211,"смт"
"смт Ореанда","Автономна Республіка Крим",921,34.140086,44.457403,"смт"
"смт Паркове","Автономна Республіка Крим",500,33.909246,44.406649,"смт"
"смт Понизівка","Автономна Республіка Крим",384,33.951862,44.392951,"смт"
"смт Санаторне","Автономна Республіка Крим",490,33.824149,44.401117,"смт"
"смт Симеїз","Автономна Республіка Крим",3919,34.007674,44.405484,"смт"
"смт Совєтське","Автономна Республіка Крим",579,34.492468,45.568481,"смт"
"смт Форос","Автономна Республіка Крим",1996,33.787452,44.391746,"смт"
"м. Бахчисарай","Автономна Республіка Крим",26651,33.875119,44.751386,"місто"
"смт Куйбишеве","Автономна Республіка Крим",2441,33.86522,44.629274,"смт"
"смт Научний","Автономна Республіка Крим",780,34.011358,44.72607,"смт"
"смт Поштове","Автономна Республіка Крим",3214,33.963423,44.836785,"смт"
"м. Білогірськ","Автономна Республіка Крим",18252,34.59997,45.057123,"місто"
"смт Зуя","Автономна Республіка Крим",7156,34.315051,45.054296,"смт"
"смт Азовське","Автономна Республіка Крим",3813,34.567082,45.585464,"смт"
"смт Вільне","Автономна Республіка Крим",2059,34.303202,45.567964,"смт"
"м. Старий Крим","Автономна Республіка Крим",9478,35.090081,45.029132,"місто"
"смт Кіровське","Автономна Республіка Крим",7069,33.079284,45.544178,"смт"
"смт Красногвардійське","Автономна Республіка Крим",10779,34.947249,45.18157,"смт"
"смт Октябрське","Автономна Республіка Крим",11684,36.367737,45.36304,"смт"
"м. Щолкіне","Автономна Республіка Крим",11169,35.825065,45.428886,"місто"
"смт Леніне","Автономна Республіка Крим",7826,35.771409,45.294783,"смт"
"смт Багерове","Автономна Республіка Крим",3908,36.295809,45.379439,"смт"
"смт Нижньогірський","Автономна Республіка Крим",9436,34.734501,45.449737,"смт"
"смт Первомайське","Автономна Республіка Крим",8964,35.167552,45.063699,"смт"
"смт Роздольне","Автономна Республіка Крим",7291,34.853645,45.359487,"смт"
"смт Новоселівське","Автономна Республіка Крим",3427,33.598977,45.441839,"смт"
"смт Новофедорівка","Автономна Республіка Крим",6584,33.573959,45.09159,"смт"
"смт Гвардійське","Автономна Республіка Крим",12702,33.979476,45.58899,"смт"
"смт Молодіжне","Автономна Республіка Крим",7261,34.053489,45.004149,"смт"
"смт Миколаївка","Автономна Республіка Крим",2750,34.93055,45.267278,"смт"
"смт Совєтський","Автономна Республіка Крим",10069,34.928996,45.340396,"смт"
"смт Чорноморське","Автономна Республіка Крим",11092,32.702683,45.501978,"смт"
"м. Вінниця","Вінницька область",372116,28.468231,49.233118,"місто"
"м. Жмеринка","Вінницька область",35354,28.099356,49.012434,"місто"
"м. Козятин","Вінницька область",24180,28.834151,49.721124,"місто"
"смт Залізничне","Вінницька область",1004,28.786747,49.747843,"смт"
"м. Ладижин","Вінницька область",22783,29.241573,48.689781,"місто"
"м. Могилів-Подільський","Вінницька область",31832,27.802166,48.441047,"місто"
"м. Хмільник","Вінницька область",28275,27.956129,49.558149,"місто"
"м. Бар","Вінницька область",16380,27.683131,49.074948,"місто"
"смт Копайгород","Вінницька область",1294,27.801978,48.855133,"смт"
"м. Бершадь","Вінницька область",13098,29.525378,48.372785,"місто"
"смт Вороновиця","Вінницька область",6636,28.683108,49.103946,"смт"
"смт Десна","Вінницька область",1330,28.533269,49.284535,"смт"
"смт Стрижавка","Вінницька область",9074,28.480826,49.31227,"смт"
"м. Гайсин","Вінницька область",25879,29.388438,48.810963,"місто"
"смт Браїлів","Вінницька область",4739,28.153551,49.105368,"смт"
"м. Іллінці","Вінницька область",11360,29.208434,49.105096,"місто"
"смт Дашів","Вінницька область",3954,29.427713,49.004846,"смт"
"м. Калинівка","Вінницька область",19226,28.523091,49.44715,"місто"
"смт Бродецьке","Вінницька область",2298,28.623631,49.757673,"смт"
"смт Глухівці","Вінницька область",3425,28.726317,49.774315,"смт"
"смт Крижопіль","Вінницька область",8945,28.867694,48.381212,"смт"
"м. Липовець","Вінницька область",8691,29.062314,49.226529,"місто"
"смт Турбів","Вінницька область",6484,28.720056,49.346323,"смт"
"смт Літин","Вінницька область",6766,28.083582,49.327262,"смт"
"смт Вендичани","Вінницька область",3861,27.796462,48.615953,"смт"
"смт Муровані Курилівці","Вінницька область",5997,27.515271,48.722244,"смт"
"м. Немирів","Вінницька область",11861,28.843772,48.979415,"місто"
"смт Брацлав","Вінницька область",5635,28.944653,48.81457,"смт"
"смт Ситківці","Вінницька область",2332,29.201418,48.908538,"смт"
"смт Оратів","Вінницька область",2861,29.391008,49.176063,"смт"
"смт Піщанка","Вінницька область",5282,28.889056,48.205748,"смт"
"смт Рудниця","Вінницька область",1163,28.936218,48.259133,"смт"
"м. Погребище","Вінницька область",9814,29.2734,49.487026,"місто"
"смт Теплик","Вінницька область",6415,29.744917,48.66658,"смт"
"м. Гнівань","Вінницька область",12577,28.348567,49.091057,"місто"
"смт Тиврів","Вінницька область",4247,28.503804,49.012192,"смт"
"смт Сутиски","Вінницька область",6168,28.420692,49.042095,"смт"
"смт Томашпіль","Вінницька область",5507,28.119981,49.542661,"смт"
"смт Вапнярка","Вінницька область",7830,28.746727,48.531816,"смт"
"смт Тростянець","Вінницька область",7838,29.227748,48.512768,"смт"
"м. Тульчин","Вінницька область",15845,28.854642,48.673357,"місто"
"смт Кирнасівка","Вінницька область",5269,28.980019,48.592587,"смт"
"смт Шпиків","Вінницька область",3320,28.566543,48.789979,"смт"
"смт Чернівці","Вінницька область",2867,28.107369,48.542697,"смт"
"смт Чечельник","Вінницька область",5147,29.34823,48.216514,"смт"
"м. Шаргород","Вінницька область",6981,28.082468,48.753278,"місто"
"м. Ямпіль","Вінницька область",11329,28.277878,48.245053,"місто"
"м. Луцьк","Волинська область",216076,25.325412,50.747304,"місто"
"м. Володимир-Волинський","Волинська область",38964,24.325695,50.84817,"місто"
"м. Ковель","Волинська область",69032,24.710057,51.213341,"місто"
"м. Нововолинськ","Волинська область",53298,24.162471,50.736616,"місто"
"смт Жовтневе","Волинська область",4776,24.252033,50.663802,"смт"
"м. Устилуг","Волинська область",2218,24.157036,50.859872,"місто"
"м. Горохів","Волинська область",9172,24.764962,50.49934,"місто"
"м. Берестечко","Волинська область",1757,25.112017,50.357185,"місто"
"смт Мар'янівка","Волинська область",2824,24.817244,50.45363,"смт"
"смт Сенкевичівка","Волинська область",1291,25.038248,50.529091,"смт"
"смт Іваничі","Волинська область",6776,24.361763,50.639964,"смт"
"м. Камінь-Каширський","Волинська область",12190,24.965143,51.619933,"місто"
"м. Ківерці","Волинська область",14480,25.46148,50.832938,"місто"
"смт Олика","Волинська область",3138,25.816791,50.720692,"смт"
"смт Цумань","Волинська область",6371,25.884775,50.834496,"смт"
"смт Голоби","Волинська область",4104,25.01084,51.082556,"смт"
"смт Люблинець","Волинська область",4504,24.621241,51.185218,"смт"
"смт Локачі","Волинська область",3888,24.63689,50.738395,"смт"
"смт Рокині","Волинська область",1538,25.269151,50.832022,"смт"
"смт Торчин","Волинська область",4541,24.998704,50.763567,"смт"
"смт Любешів","Волинська область",5774,25.499245,51.76296,"смт"
"м. Любомль","Волинська область",10274,24.032782,51.223704,"місто"
"смт Головне","Волинська область",3006,24.075155,51.334492,"смт"
"смт Маневичі","Волинська область",10659,25.534064,51.292556,"смт"
"смт Колки","Волинська область",4040,25.678073,51.096768,"смт"
"смт Ратне","Волинська область",9843,24.525759,51.665898,"смт"
"смт Заболоття","Волинська область",4372,24.245359,51.632603,"смт"
"м. Рожище","Волинська область",13306,25.270094,50.913024,"місто"
"смт Дубище","Волинська область",1928,25.303889,50.929695,"смт"
"смт Стара Вижівка","Волинська область",5256,24.431759,51.440885,"смт"
"смт Турійськ","Волинська область",5775,24.524555,51.08839,"смт"
"смт Луків","Волинська область",3126,24.347569,51.233282,"смт"
"смт Шацьк","Волинська область",5357,23.930185,51.496839,"смт"
"м. Дніпропетровськ","Дніпропетровська область",993094,35.046181,48.464717,"місто"
"смт Авіаторське","Дніпропетровська область",2418,35.081305,48.367949,"смт"
"м. Вільногірськ","Дніпропетровська область",23766,34.028066,48.477583,"місто"
"м. Дніпродзержинськ","Дніпропетровська область",241475,34.614765,48.523027,"місто"
"смт Карнаухівка","Дніпропетровська область",6665,34.731178,48.469818,"смт"
"м. Жовті Води","Дніпропетровська область",47284,33.509056,48.345378,"місто"
"м. Кривий Ріг","Дніпропетровська область",652137,33.391843,47.910505,"місто"
"м. Марганець","Дніпропетровська область",48345,34.604273,47.646652,"місто"
"смт Мар'ївка","Дніпропетровська область",372,34.620658,47.615015,"смт"
"м. Нікополь","Дніпропетровська область",117857,34.394812,47.567457,"місто"
"м. Новомосковськ","Дніпропетровська область",71299,35.228772,48.637915,"місто"
"м. Орджонікідзе","Дніпропетровська область",41152,34.084202,47.653402,"місто"
"смт Гірницьке","Дніпропетровська область",360,33.559406,48.072104,"смт"
"смт Чортомлик","Дніпропетровська область",1375,34.14138,47.623603,"смт"
"м. Павлоград","Дніпропетровська область",109739,35.869532,48.531422,"місто"
"м. Першотравенськ","Дніпропетровська область",28994,36.400149,48.347444,"місто"
"м. Синельникове","Дніпропетровська область",31576,35.515739,48.317417,"місто"
"м. Тернівка","Дніпропетровська область",28853,36.08237,48.524561,"місто"
"м. Апостолове","Дніпропетровська область",14348,33.7342,47.659386,"місто"
"м. Зеленодольськ","Дніпропетровська область",13907,33.647639,47.568417,"місто"
"смт Васильківка","Дніпропетровська область",11958,36.029522,48.208186,"смт"
"смт Письменне","Дніпропетровська область",1248,35.805715,48.201743,"смт"
"смт Чаплине","Дніпропетровська область",3912,36.253463,48.124962,"смт"
"м. Верхньодніпровськ","Дніпропетровська область",16760,34.340168,48.642625,"місто"
"м. Верхівцеве","Дніпропетровська область",10062,34.253795,48.48524,"місто"
"смт Дніпровське","Дніпропетровська область",5677,34.450517,48.591765,"смт"
"смт Новомиколаївка","Дніпропетровська область",4162,34.381401,48.556814,"смт"
"м. Підгородне","Дніпропетровська область",19530,35.102343,48.574922,"місто"
"смт Кіровське","Дніпропетровська область",9285,34.881232,48.540443,"смт"
"смт Ювілейне","Дніпропетровська область",12947,35.078035,48.533648,"смт"
"смт Радушне","Дніпропетровська область",3813,33.493281,47.824218,"смт"
"смт Христофорівка","Дніпропетровська область",1433,33.094223,47.982832,"смт"
"смт Кринички","Дніпропетровська область",4268,34.456464,48.373599,"смт"
"смт Аули","Дніпропетровська область",4196,34.460497,48.554936,"смт"
"смт Щорськ","Дніпропетровська область",2735,34.117583,48.356114,"смт"
"смт Магдалинівка","Дніпропетровська область",6449,34.918225,48.915744,"смт"
"смт Межова","Дніпропетровська область",7520,36.727899,48.253758,"смт"
"смт Демурине","Дніпропетровська область",1130,36.471044,48.179891,"смт"
"смт Червоногригорівка","Дніпропетровська область",6600,34.524547,47.631801,"смт"
"м. Перещепине","Дніпропетровська область",10138,35.365092,49.014231,"місто"
"смт Гвардійське","Дніпропетровська область",6202,35.329123,48.734712,"смт"
"смт Губиниха","Дніпропетровська область",5637,35.25627,48.807872,"смт"
"смт Меліоративне","Дніпропетровська область",4267,35.401456,48.620718,"смт"
"смт Черкаське","Дніпропетровська область",4258,35.383471,48.704047,"смт"
"смт Петриківка","Дніпропетровська область",4743,34.442154,47.991781,"смт"
"смт Курилівка","Дніпропетровська область",2646,34.604138,48.575476,"смт"
"смт Миколаївка","Дніпропетровська область",1281,35.17446,48.785498,"смт"
"смт Петропавлівка","Дніпропетровська область",7462,36.440366,48.454135,"смт"
"смт Брагинівка","Дніпропетровська область",301,36.354595,48.488255,"смт"
"смт Покровське","Дніпропетровська область",10187,34.150659,47.553757,"смт"
"смт Просяна","Дніпропетровська область",5086,36.373765,48.119211,"смт"
"м. П'ятихатки","Дніпропетровська область",18886,33.702849,48.413737,"місто"
"смт Вишневе","Дніпропетровська область",2378,33.835422,48.029991,"смт"
"смт Лихівка","Дніпропетровська область",2045,33.917241,48.672887,"смт"
"смт Іларіонове","Дніпропетровська область",9022,35.272215,48.405765,"смт"
"смт Роздори","Дніпропетровська область",1776,35.703289,48.328722,"смт"
"смт Сад","Дніпропетровська область",480,34.844231,48.301045,"смт"
"смт Славгород","Дніпропетровська область",2284,35.513134,48.114339,"смт"
"смт Солоне","Дніпропетровська область",7641,34.876669,48.207958,"смт"
"смт Новопокровка","Дніпропетровська область",1920,34.603527,48.056021,"смт"
"смт Софіївка","Дніпропетровська область",7002,33.114992,48.003773,"смт"
"смт Томаківка","Дніпропетровська область",7133,34.749198,47.813261,"смт"
"смт Царичанка","Дніпропетровська область",7610,34.478185,48.946137,"смт"
"смт Широке","Дніпропетровська область",10412,34.825375,48.11452,"смт"
"смт Миколаївка","Дніпропетровська область",NA,35.17446,48.785498,"смт"
"смт Юр'ївка","Дніпропетровська область",2260,34.700635,49.025964,"смт"
"м. Донецьк","Донецька область",949825,37.80285,48.015877,"місто"
"м. Моспине","Донецька область",10745,38.067682,47.878243,"місто"
"смт Горбачево-Михайлівка","Донецька область",919,38.011582,47.850606,"смт"
"смт Ларине","Донецька область",2773,37.929485,47.882776,"смт"
"м. Авдіївка","Донецька область",35090,37.744864,48.145142,"місто"
"м. Артемівськ","Донецька область",77474,38.007279,48.604445,"місто"
"м. Соледар","Донецька область",11560,38.071347,48.687247,"місто"
"м. Часів Яр","Донецька область",13817,37.834345,48.587665,"місто"
"смт Красна Гора","Донецька область",642,38.018392,48.664396,"смт"
"м. Вугледар","Донецька область",15294,37.248266,47.779092,"місто"
"м. Горлівка","Донецька область",254416,38.029836,48.307051,"місто"
"смт Гольмівський","Донецька область",6981,38.079792,48.400501,"смт"
"смт Зайцеве","Донецька область",3346,38.032271,48.415854,"смт"
"смт Пантелеймонівка","Донецька область",7904,37.978309,48.204547,"смт"
"м. Дебальцеве","Донецька область",25525,38.413911,48.343773,"місто"
"м. Світлодарськ","Донецька область",12127,38.220647,48.435148,"місто"
"смт Миронівський","Донецька область",8027,38.27124,48.458389,"смт"
"м. Дзержинськ","Донецька область",34750,37.845969,48.395787,"місто"
"м. Артемове","Донецька область",5567,37.892196,48.370661,"місто"
"смт Кірове","Донецька область",10148,37.906569,48.388626,"смт"
"смт Курдюмівка","Донецька область",865,37.960136,48.468283,"смт"
"смт Ленінське","Донецька область",1588,37.913298,48.36771,"смт"
"смт Неліпівка","Донецька область",1101,37.832548,48.355599,"смт"
"смт Новгородське","Донецька область",10788,37.853039,48.315554,"смт"
"смт Петрівка","Донецька область",1110,37.782629,48.386896,"смт"
"смт Щербинівка","Донецька область",3585,37.782808,48.400943,"смт"
"м. Димитров","Донецька область",49519,37.268056,48.290969,"місто"
"м. Добропілля","Донецька область",30884,37.082841,48.468761,"місто"
"м. Білицьке","Донецька область",8627,37.180623,48.407421,"місто"
"м. Білозерське","Донецька область",15916,37.058605,48.536786,"місто"
"смт Водянське","Донецька область",1564,37.104113,48.409359,"смт"
"смт Новодонецьке","Донецька область",5886,36.982212,48.634772,"смт"
"м. Докучаєвськ","Донецька область",23641,37.678343,47.751946,"місто"
"м. Дружківка","Донецька область",59596,37.529007,48.620355,"місто"
"смт Олексієво-Дружківка","Донецька область",7670,37.614967,48.579434,"смт"
"смт Новогригорівка","Донецька область",380,38.41198,48.366321,"смт"
"смт Новомиколаївка","Донецька область",97,37.374192,48.886861,"смт"
"смт Райське","Донецька область",911,37.471309,48.57817,"смт"
"м. Єнакієве","Донецька область",81054,38.20525,48.231154,"місто"
"м. Юнокомунарівськ","Донецька область",13945,38.274304,48.228081,"місто"
"смт Дружне","Донецька область",679,38.283404,48.197299,"смт"
"смт Карло-Марксове","Донецька область",9734,38.158709,48.260195,"смт"
"смт Корсунь","Донецька область",2623,38.073234,48.209819,"смт"
"м. Жданівка","Донецька область",12301,38.260838,48.13753,"місто"
"смт Вільхівка","Донецька область",746,38.310883,48.112697,"смт"
"м. Кіровське","Донецька область",28155,38.360461,48.146398,"місто"
"м. Костянтинівка","Донецька область",76065,37.67528,47.955082,"місто"
"м. Краматорськ","Донецька область",162811,37.584344,48.738966,"місто"
"смт Біленьке","Донецька область",9407,37.631595,48.766777,"смт"
"смт Комишуваха","Донецька область",490,37.454348,48.643512,"смт"
"смт Красноторка","Донецька область",2975,37.526609,48.685891,"смт"
"смт Малотаранівка","Донецька область",3709,37.510906,48.661278,"смт"
"смт Олександрівка","Донецька область",416,38.048063,47.795002,"смт"
"смт Софіївка","Донецька область",855,37.513098,48.740808,"смт"
"смт Шабельківка","Донецька область",4412,37.486364,48.749227,"смт"
"смт Ясна Поляна","Донецька область",2148,37.526645,48.743506,"смт"
"смт Ясногірка","Донецька область",8273,37.552202,48.779941,"смт"
"м. Красний Лиман","Донецька область",22409,37.822442,48.964092,"місто"
"м. Красноармійськ","Донецька область",64533,37.179356,48.280891,"місто"
"м. Родинське","Донецька область",10641,37.210034,48.353103,"місто"
"смт Шевченко","Донецька область",1774,37.141142,48.223861,"смт"
"м. Макіївка","Донецька область",351820,37.96416,48.046444,"місто"
"смт Велике Оріхове","Донецька область",603,38.132585,48.086521,"смт"
"смт Високе","Донецька область",463,38.057414,47.943307,"смт"
"смт Вугляр","Донецька область",1086,38.060047,48.016595,"смт"
"смт Грузько-Зорянське","Донецька область",1346,38.082307,47.946041,"смт"
"смт Грузько-Ломівка","Донецька область",622,38.10322,47.913198,"смт"
"смт Гусельське","Донецька область",459,38.121581,47.994175,"смт"
"смт Землянки","Донецька область",1732,37.91125,48.131589,"смт"
"смт Красний Октябр","Донецька область",912,38.14686,48.082025,"смт"
"смт Кринична","Донецька область",4516,38.027231,48.127614,"смт"
"смт Колосникове","Донецька область",602,38.064305,48.043613,"смт"
"смт Лісне","Донецька область",136,38.134921,48.097318,"смт"
"смт Маяк","Донецька область",1193,38.031121,47.965236,"смт"
"смт Межове","Донецька область",1202,38.070736,47.966527,"смт"
"смт Нижня Кринка","Донецька область",13820,38.160478,48.114375,"смт"
"смт Пролетарське","Донецька область",3190,38.100318,48.013641,"смт"
"смт Свердлове","Донецька область",1487,38.062661,48.027617,"смт"
"смт Ясинівка","Донецька область",3647,37.944757,48.133447,"смт"
"м. Маріуполь","Донецька область",458533,37.543363,47.097132,"місто"
"смт Сартана","Донецька область",10779,37.688701,47.177347,"смт"
"смт Старий Крим","Донецька область",6051,37.484568,47.159483,"смт"
"смт Талаківка","Донецька область",4133,37.721885,47.18515,"смт"
"м. Новогродівка","Донецька область",15247,37.329914,48.210546,"місто"
"м. Селидове","Донецька область",23989,37.298697,48.148003,"місто"
"м. Гірник","Донецька область",11510,37.370365,48.055232,"місто"
"м.Українськ","Донецька область",11928,37.363349,48.097408,"місто"
"смт Вишневе","Донецька область",260,37.249065,48.15027,"смт"
"смт Гостре","Донецька область",660,37.401977,47.99154,"смт"
"смт Комишівка","Донецька область",430,37.468847,48.180378,"смт"
"смт Курахівка","Донецька область",3007,37.37536,48.027641,"смт"
"смт Цукурине","Донецька область",1970,37.309567,48.084337,"смт"
"м. Слов'янськ","Донецька область",116694,37.605292,48.853195,"місто"
"м. Миколаївка","Донецька область",15559,37.67528,47.955082,"місто"
"м. Святогірськ","Донецька область",4630,37.569809,49.040884,"місто"
"м. Сніжне","Донецька область",48003,38.768018,48.039366,"місто"
"смт Андріївка","Донецька область",2194,37.788477,47.851386,"смт"
"смт Бражине","Донецька область",316,38.832535,47.997461,"смт"
"смт Гірницьке","Донецька область",1170,38.832445,48.005504,"смт"
"смт Залісне","Донецька область",2421,38.814533,48.0331,"смт"
"смт Лиманчук","Донецька область",902,38.824145,48.01425,"смт"
"смт Никифорове","Донецька область",368,38.851292,48.007553,"смт"
"смт Первомайське","Донецька область",511,38.787215,47.996285,"смт"
"смт Первомайський","Донецька область",2827,38.787457,47.973501,"смт"
"смт Побєда","Донецька область",539,38.806744,47.979322,"смт"
"смт Сєверне","Донецька область",9981,38.694257,48.085775,"смт"
"м. Торез","Донецька область",56993,38.616849,48.025629,"місто"
"смт Пелагіївка","Донецька область",18008,38.612771,48.098931,"смт"
"смт Розсипне","Донецька область",5047,38.565663,48.129815,"смт"
"м. Харцизьк","Донецька область",58641,38.142404,48.040926,"місто"
"м. Зугрес","Донецька область",18474,38.264746,48.017939,"місто"
"м. Іловайськ","Донецька область",15808,38.196465,47.927576,"місто"
"смт Войкове","Донецька область",34,38.124573,47.676777,"смт"
"смт Гірне","Донецька область",3389,38.549916,48.037251,"смт"
"смт Зуївка","Донецька область",3165,38.252403,48.061688,"смт"
"смт Миколаївка","Донецька область",125,37.767564,48.850349,"смт"
"смт Покровка","Донецька область",168,38.329954,47.910698,"смт"
"смт Троїцько-Харцизьк","Донецька область",960,38.266434,47.968144,"смт"
"смт Шахтне","Донецька область",790,38.280745,47.981903,"смт"
"смт Широке","Донецька область",760,38.230789,47.957477,"смт"
"м. Шахтарськ","Донецька область",50468,38.455224,48.048998,"місто"
"смт Контарне","Донецька область",1463,38.510857,48.086515,"смт"
"смт Московське","Донецька область",645,37.307393,48.280813,"смт"
"смт Сердите","Донецька область",1930,38.388399,48.041571,"смт"
"смт Стіжківське","Донецька область",3991,38.459303,48.117888,"смт"
"м. Ясинувата","Донецька область",35701,37.862606,48.12765,"місто"
"м. Амвросіївка","Донецька область",18682,38.492388,47.796654,"місто"
"смт Войковський","Донецька область",1146,38.336782,47.760693,"смт"
"смт Кутейникове","Донецька область",1673,38.29156,47.809914,"смт"
"смт Новоамвросіївське","Донецька область",2190,38.502,47.832209,"смт"
"м. Вуглегірськ","Донецька область",7671,38.277026,48.312228,"місто"
"м. Сіверськ","Донецька область",12036,38.097219,48.863106,"місто"
"смт Булавинське","Донецька область",3141,38.333584,48.255078,"смт"
"смт Олександрівське","Донецька область",1574,38.1185,47.203042,"смт"
"смт Оленівка","Донецька область",771,37.651457,47.833177,"смт"
"смт Ольховатка","Донецька область",3095,38.404847,48.245461,"смт"
"смт Прибережне","Донецька область",154,38.319076,48.255168,"смт"
"смт Луганське","Донецька область",2257,37.677813,47.88616,"смт"
"смт Велика Новосілка","Донецька область",5992,36.838338,47.840658,"смт"
"м. Волноваха","Донецька область",23164,37.483508,47.597907,"місто"
"смт Андріївка","Донецька область",2795,37.788477,47.851386,"смт"
"смт Благодатне","Донецька область",1168,38.480054,47.873989,"смт"
"смт Володимирівка","Донецька область",6606,37.383094,47.730708,"смт"
"смт Донське","Донецька область",5044,37.535143,47.516198,"смт"
"смт Комсомольський","Донецька область",389,37.410699,47.671389,"смт"
"смт Мирне","Донецька область",1804,37.54674,48.866413,"смт"
"смт Новотроїцьке","Донецька область",6946,37.093935,48.197179,"смт"
"смт Оленівка","Донецька область",4635,37.651457,47.833177,"смт"
"смт Ольгинка","Донецька область",3211,37.503423,47.694332,"смт"
"смт Володарське","Донецька область",8441,37.318721,47.199472,"смт"
"смт Святогорівка","Донецька область",1895,37.029939,48.480934,"смт"
"смт Гродівка","Донецька область",2574,37.3758,48.257333,"смт"
"смт Новоекономічне","Донецька область",3000,37.331827,48.327674,"смт"
"смт Удачне","Донецька область",1694,36.990746,48.239754,"смт"
"смт Дробишеве","Донецька область",2960,37.724104,49.04177,"смт"
"смт Кіровськ","Донецька область",2642,37.932683,49.019247,"смт"
"смт Новоселівка","Донецька область",1339,37.466063,48.820331,"смт"
"смт Ямпіль","Донецька область",2079,37.942601,48.93229,"смт"
"смт Ярова","Донецька область",1999,37.648483,49.053497,"смт"
"м. Мар'їнка","Донецька область",9829,37.512892,47.941756,"місто"
"м. Красногорівка","Донецька область",15912,37.511975,48.009482,"місто"
"м. Курахове","Донецька область",19950,37.275072,47.987693,"місто"
"смт Іллінка","Донецька область",452,37.316547,47.891156,"смт"
"смт Олександрівка","Донецька область",4060,38.048063,47.795002,"смт"
"смт Старомихайлівка","Донецька область",5414,37.58358,47.998794,"смт"
"м. Новоазовськ","Донецька область",11740,38.083097,47.11387,"місто"
"смт Сєдове","Донецька область",2681,38.16037,47.073497,"смт"
"смт Олександрівка","Донецька область",3672,38.048063,47.795002,"смт"
"смт Мангуш","Донецька область",8275,37.309423,47.057292,"смт"
"смт Ялта","Донецька область",5276,37.265792,46.956005,"смт"
"смт Андріївка","Донецька область",858,37.788477,47.851386,"смт"
"смт Билбасівка","Донецька область",6235,37.498159,48.839968,"смт"
"смт Донецьке","Донецька область",639,37.690569,48.934604,"смт"
"смт Райгородок","Донецька область",3573,37.724041,48.900176,"смт"
"смт Черкаське","Донецька область",3470,37.386184,48.841669,"смт"
"м. Комсомольське","Донецька область",11672,38.074626,47.665182,"місто"
"смт Старобешеве","Донецька область",6293,38.036421,47.751668,"смт"
"смт Новий Світ","Донецька область",9197,38.018688,47.805866,"смт"
"смт Тельманове","Донецька область",4472,38.010963,47.413797,"смт"
"смт Верхньоторецьке","Донецька область",2984,37.874275,48.221893,"смт"
"смт Желанне","Донецька область",1449,37.424075,48.073272,"смт"
"смт Керамік","Донецька область",373,37.683293,48.253008,"смт"
"смт Очеретине","Донецька область",3668,37.61053,48.242718,"смт"
"м. Житомир","Житомирська область",270922,28.658692,50.254623,"місто"
"м. Бердичів","Житомирська область",78312,28.590654,49.892291,"місто"
"м. Коростень","Житомирська область",65454,28.614432,50.959558,"місто"
"м. Малин","Житомирська область",26886,29.27004,50.769008,"місто"
"м. Новоград-Волинський","Житомирська область",56049,27.621066,50.593196,"місто"
"м. Андрушівка","Житомирська область",8951,29.019114,50.018835,"місто"
"смт Червоне","Житомирська область",2848,28.864209,49.952423,"смт"
"м. Баранівка","Житомирська область",11948,27.666539,50.29365,"місто"
"смт Довбиш","Житомирська область",4443,27.984668,50.373332,"смт"
"смт Кам'яний Брід","Житомирська область",2603,27.838054,50.417232,"смт"
"смт Мар'янівка","Житомирська область",1516,27.873564,50.304755,"смт"
"смт Першотравенськ","Житомирська область",3595,27.633229,50.200713,"смт"
"смт Полянка","Житомирська область",1725,27.686607,50.256644,"смт"
"смт Гришківці","Житомирська область",4276,28.601721,49.935257,"смт"
"смт Брусилів","Житомирська область",4931,29.526887,50.284505,"смт"
"смт Володарськ-Волинський","Житомирська область",7807,28.445297,50.596009,"смт"
"смт Іршанськ","Житомирська область",6831,28.727359,50.752131,"смт"
"смт Нова Борова","Житомирська область",5606,28.63671,50.692295,"смт"
"смт Ємільчине","Житомирська область",6728,27.801888,50.871685,"смт"
"смт Яблунець","Житомирська область",1158,28.071805,50.802321,"смт"
"смт Гуйва","Житомирська область",1419,28.658396,50.210814,"смт"
"смт Новогуйвинське","Житомирська область",5309,28.684914,50.202246,"смт"
"смт Озерне","Житомирська область",5913,28.736235,50.179454,"смт"
"м. Коростишів","Житомирська область",25845,29.059439,50.319591,"місто"
"смт Лугини","Житомирська область",4121,28.402052,51.0807,"смт"
"смт Жовтневе","Житомирська область",623,29.025016,49.848403,"смт"
"смт Любар","Житомирська область",2153,27.739141,49.921247,"смт"
"смт Гранітне","Житомирська область",1510,29.352173,50.742795,"смт"
"смт Чоповичі","Житомирська область",1962,28.952378,50.83337,"смт"
"смт Народичі","Житомирська область",2604,29.081394,51.202857,"смт"
"смт Городниця","Житомирська область",5411,27.318334,50.809505,"смт"
"м. Овруч","Житомирська область",16515,28.808073,51.324525,"місто"
"смт Першотравневе","Житомирська область",2496,28.862475,51.389127,"смт"
"м. Олевськ","Житомирська область",10222,27.648033,51.227873,"місто"
"смт Бучмани","Житомирська область",720,28.042385,51.070095,"смт"
"смт Діброва","Житомирська область",131,29.220283,50.90743,"смт"
"смт Дружба","Житомирська область",481,27.966414,51.186155,"смт"
"смт Нові Білокоровичі","Житомирська область",3142,28.051961,51.114028,"смт"
"смт Новоозерянка","Житомирська область",563,28.001898,51.213437,"смт"
"смт Попільня","Житомирська область",5987,29.450054,49.960652,"смт"
"смт Корнин","Житомирська область",2283,29.537388,50.083802,"смт"
"м. Радомишль","Житомирська область",14930,29.257967,50.492986,"місто"
"смт Біла Криниця","Житомирська область",910,29.463717,50.636434,"смт"
"смт Городок","Житомирська область",2449,29.452183,50.592715,"смт"
"смт Романів","Житомирська область",7676,27.939141,50.151682,"смт"
"смт Биківка","Житомирська область",1792,27.985845,50.291129,"смт"
"смт Миропіль","Житомирська область",4710,27.696749,50.109782,"смт"
"смт Ружин","Житомирська область",4605,29.221343,49.723238,"смт"
"смт Червоноармійськ","Житомирська область",5434,28.260927,50.466211,"смт"
"смт Черняхів","Житомирська область",9724,28.665214,50.454932,"смт"
"смт Головине","Житомирська область",1980,28.827036,50.471767,"смт"
"м. Чуднів","Житомирська область",5814,28.118562,50.0527,"місто"
"смт Вакуленчук","Житомирська область",2017,28.30702,49.939391,"смт"
"смт Великі Коровинці","Житомирська область",2315,28.294623,49.967131,"смт"
"смт Іванопіль","Житомирська область",3364,28.215499,49.858533,"смт"
"м. Ужгород","Закарпатська область",115947,22.288774,48.625465,"місто"
"м. Берегове","Закарпатська область",24371,22.637635,48.202536,"місто"
"м. Мукачеве","Закарпатська область",85487,22.718286,48.442105,"місто"
"м. Хуст","Закарпатська область",28600,23.297726,48.174117,"місто"
"м.Чоп","Закарпатська область",9018,22.212426,48.431214,"місто"
"смт Батьово","Закарпатська область",3080,22.389943,48.361838,"смт"
"смт Великий  Березний","Закарпатська область",7292,22.457505,48.893608,"смт"
"м. Виноградів","Закарпатська область",25580,23.038598,48.139568,"місто"
"смт Вилок","Закарпатська область",3327,22.83601,48.110964,"смт"
"смт Королево","Закарпатська область",9510,23.136469,48.153095,"смт"
"смт Воловець","Закарпатська область",5171,23.189919,48.71438,"смт"
"смт Жденієво","Закарпатська область",1096,22.975869,48.771166,"смт"
"м. Іршава","Закарпатська область",9220,23.037376,48.317135,"місто"
"смт Міжгір'я","Закарпатська область",9637,23.501437,48.528433,"смт"
"смт Кольчино","Закарпатська область",4339,22.751973,48.476036,"смт"
"смт Чинадійово","Закарпатська область",6951,22.843277,48.501462,"смт"
"м. Перечин","Закарпатська область",6720,22.473153,48.740315,"місто"
"м. Рахів","Закарпатська область",15283,24.203803,48.053702,"місто"
"смт Великий Бичків","Закарпатська область",9396,24.002454,47.976807,"смт"
"смт Кобилецька Поляна","Закарпатська область",3445,24.06619,48.05734,"смт"
"смт Ясіня","Закарпатська область",8482,24.361628,48.259955,"смт"
"м. Свалява","Закарпатська область",17066,22.98867,48.545692,"місто"
"м. Тячів","Закарпатська область",9127,23.581998,48.016125,"місто"
"смт Буштино","Закарпатська область",8609,23.476697,48.053648,"смт"
"смт Дубове","Закарпатська область",9807,23.884721,48.184847,"смт"
"смт Солотвино","Закарпатська область",8925,23.871211,47.957622,"смт"
"смт Тересва","Закарпатська область",7602,23.691727,48.001139,"смт"
"смт Усть-Чорна","Закарпатська область",1525,23.94268,48.319059,"смт"
"смт Середнє","Закарпатська область",3902,22.507128,48.538969,"смт"
"смт Вишково","Закарпатська область",8347,23.424146,48.047498,"смт"
"м. Запоріжжя","Запорізька область",766268,35.139561,47.838796,"місто"
"м. Бердянськ","Запорізька область",115500,36.786756,46.75421,"місто"
"м. Енергодар","Запорізька область",54536,34.655719,47.498972,"місто"
"м. Мелітополь","Запорізька область",156889,35.372871,46.84218,"місто"
"м. Токмак","Запорізька область",32772,35.708877,47.248809,"місто"
"смт Андріївка","Запорізька область",2936,36.584231,47.102714,"смт"
"м. Василівка","Запорізька область",13875,35.767196,47.178939,"місто"
"м. Дніпрорудне","Запорізька область",19361,35.00281,47.389943,"місто"
"смт Степногірськ","Запорізька область",4520,35.36069,47.586951,"смт"
"смт Веселе","Запорізька область",10059,35.11209,46.981544,"смт"
"м. Вільнянськ","Запорізька область",15787,35.431262,47.941551,"місто"
"смт Кам'яне","Запорізька область",1223,35.399174,47.874569,"смт"
"м. Гуляйполе","Запорізька область",14180,36.253211,47.666432,"місто"
"смт Залізничне","Запорізька область",1134,36.163209,47.650239,"смт"
"смт Балабине","Запорізька область",6171,35.220229,47.745118,"смт"
"смт Кушугум","Запорізька область",8254,35.219169,47.710631,"смт"
"смт Малокатеринівка","Запорізька область",3444,35.257033,47.657717,"смт"
"м. Кам'янка-Дніпровська","Запорізька область",13383,34.40844,47.489834,"місто"
"смт Куйбишеве","Запорізька область",7283,36.653087,47.362539,"смт"
"смт Комиш-Зоря","Запорізька область",2275,36.693161,47.327126,"смт"
"смт Мирне","Запорізька область",3086,36.114924,47.577299,"смт"
"смт Михайлівка","Запорізька область",12475,35.25865,47.953537,"смт"
"смт Пришиб","Запорізька область",3283,35.32297,47.252926,"смт"
"смт Новомиколаївка","Запорізька область",5442,35.907297,47.97636,"смт"
"смт Тернувате","Запорізька область",1417,36.129998,47.82962,"смт"
"м. Оріхів","Запорізька область",15161,35.777724,47.569469,"місто"
"смт Комишуваха","Запорізька область",5376,35.524659,47.719513,"смт"
"м. Пологи","Запорізька область",19750,36.276037,47.475511,"місто"
"смт Приазовське","Запорізька область",6814,35.634541,46.737982,"смт"
"смт Нововасилівка","Запорізька область",2422,36.782427,46.849946,"смт"
"м. Приморськ","Запорізька область",12194,36.356769,46.726049,"місто"
"смт Розівка","Запорізька область",3363,35.775613,46.939131,"смт"
"м. Молочанськ","Запорізька область",6891,35.59577,47.204566,"місто"
"смт Чернігівка","Запорізька область",6129,36.198585,47.190569,"смт"
"смт Якимівка","Запорізька область",11923,35.164722,46.701834,"смт"
"смт Кирилівка","Запорізька область",3460,35.334172,46.365602,"смт"
"м. Івано-Франківськ","Івано-Франківська область",227030,24.711108,48.922629,"місто"
"м. Болехів","Івано-Франківська область",10770,23.849408,49.067559,"місто"
"м.Бурштин","Івано-Франківська область",15370,24.627817,49.262358,"місто"
"м. Калуш","Івано-Франківська область",67559,24.355304,49.044646,"місто"
"м. Коломия","Івано-Франківська область",61350,25.038526,48.541588,"місто"
"м. Яремче","Івано-Франківська область",8201,24.553086,48.448649,"місто"
"смт Ворохта","Івано-Франківська область",4215,24.567001,48.283511,"смт"
"смт Богородчани","Івано-Франківська область",7852,24.537985,48.807878,"смт"
"смт Солотвин","Івано-Франківська область",3938,24.422974,48.705295,"смт"
"смт Верховина","Івано-Франківська область",5765,24.813615,48.151778,"смт"
"м. Галич","Івано-Франківська область",6264,24.731213,49.113683,"місто"
"смт Більшівці","Івано-Франківська область",2068,24.746933,49.183725,"смт"
"м. Городенка","Івано-Франківська область",9384,25.495886,48.675844,"місто"
"смт Чернелиця","Івано-Франківська область",1700,25.42985,48.811248,"смт"
"м. Долина","Івано-Франківська область",20654,24.002526,48.97443,"місто"
"смт Вигода","Івано-Франківська область",2262,23.919378,48.927969,"смт"
"смт Войнилів","Івано-Франківська область",2752,24.493563,49.11932,"смт"
"смт Гвіздець","Івано-Франківська область",1946,25.281682,48.57519,"смт"
"смт Отинія","Івано-Франківська область",5560,24.856438,48.733559,"смт"
"смт Печеніжин","Івано-Франківська область",5342,24.889298,48.509999,"смт"
"м. Косів","Івано-Франківська область",8621,25.092632,48.32094,"місто"
"смт Кути","Івано-Франківська область",4059,25.173543,48.26362,"смт"
"смт Яблунів","Івано-Франківська область",2073,24.941445,48.40537,"смт"
"м. Надвірна","Івано-Франківська область",22255,24.573037,48.625375,"місто"
"смт Битків","Івано-Франківська область",4388,24.485694,48.6245,"смт"
"смт Делятин","Івано-Франківська область",8365,24.625229,48.52712,"смт"
"смт Ланчин","Івано-Франківська область",7933,24.749987,48.550207,"смт"
"м. Рогатин","Івано-Франківська область",8000,24.615016,49.412359,"місто"
"смт Букачівці","Івано-Франківська область",1341,24.491398,49.257478,"смт"
"смт Рожнятів","Івано-Франківська область",3878,24.156309,48.936847,"смт"
"смт Брошнів-Осада","Івано-Франківська область",5762,24.194874,48.994408,"смт"
"смт Перегінське","Івано-Франківська область",12667,24.182504,48.810352,"смт"
"м. Снятин","Івано-Франківська область",10102,25.571111,48.451189,"місто"
"смт Заболотів","Івано-Франківська область",4055,25.284584,48.475499,"смт"
"м. Тисмениця","Івано-Франківська область",9443,24.848128,48.902095,"місто"
"смт Єзупіль","Івано-Франківська область",2881,24.780207,49.041723,"смт"
"смт Лисець","Івано-Франківська область",2925,24.579056,48.874336,"смт"
"м. Тлумач","Івано-Франківська область",8885,25.013266,48.853213,"місто"
"смт Обертин","Івано-Франківська область",3158,25.169842,48.68937,"смт"
"м. Біла Церква","Київська область",211205,30.117269,49.795806,"місто"
"м. Березань","Київська область",16570,31.485133,50.307425,"місто"
"м. Бориспіль","Київська область",60160,30.956142,50.348196,"місто"
"м. Бровари","Київська область",98874,30.790897,50.511079,"місто"
"м. Буча","Київська область",29805,30.213514,50.553329,"місто"
"м. Васильків","Київська область",36888,30.313164,50.179541,"місто"
"м. Ірпінь","Київська область",44023,30.239781,50.518748,"місто"
"смт Ворзель","Київська область",5836,30.143481,50.538011,"смт"
"смт Гостомель","Київська область",14467,30.264781,50.580236,"смт"
"смт Коцюбинське","Київська область",15368,30.33202,50.490103,"смт"
"м. Обухів","Київська область",33180,30.627,50.111406,"місто"
"м. Переяслав-Хмельницький","Київська область",27864,31.46343,50.07276,"місто"
"м. Прип'ять","Київська область",NA,30.057953,51.405452,"місто"
"м. Ржищів","Київська область",7545,31.043477,49.961748,"місто"
"м. Славутич","Київська область",24952,30.604164,50.39417,"місто"
"м. Фастів","Київська область",48098,29.914914,50.078738,"місто"
"смт Баришівка","Київська область",11009,31.317005,50.353766,"смт"
"м. Узин","Київська область",12150,30.41974,49.82847,"місто"
"смт Терезине","Київська область",1649,30.109911,49.857499,"смт"
"м. Богуслав","Київська область",16786,30.873982,49.547892,"місто"
"смт Бородянка","Київська область",13167,29.920582,50.645825,"смт"
"смт Бабинці","Київська область",2746,30.026691,50.641107,"смт"
"смт Клавдієво-Тарасове","Київська область",5069,30.005491,50.582301,"смт"
"смт Немішаєве","Київська область",7340,30.093544,50.564733,"смт"
"смт Пісківка","Київська область",7012,29.586831,50.697533,"смт"
"смт  Велика Димерка","Київська область",9619,30.903106,50.591772,"смт"
"смт Калинівка","Київська область",3802,29.782287,50.415584,"смт"
"смт Калита","Київська область",4745,31.026256,50.750324,"смт"
"смт Глеваха","Київська область",8679,30.324627,50.270534,"смт"
"смт Гребінки","Київська область",5713,30.173907,49.956364,"смт"
"смт Дослідницьке","Київська область",1915,30.143275,49.923387,"смт"
"смт Калинівка","Київська область",5315,29.782287,50.415584,"смт"
"м. Вишгород","Київська область",26866,30.485659,50.583216,"місто"
"смт Димер","Київська область",5846,30.308915,50.787336,"смт"
"смт Володарка","Київська область",6259,29.915255,49.525864,"смт"
"смт Згурівка","Київська область",5278,31.773978,50.498269,"смт"
"м. Чорнобиль","Київська область",NA,30.211044,51.277847,"місто"
"смт Іванків","Київська область",10596,31.062826,50.316623,"смт"
"м. Кагарлик","Київська область",13730,30.822886,49.865304,"місто"
"м. Боярка","Київська область",35558,30.292171,50.327953,"місто"
"м. Вишневе","Київська область",38011,30.37054,50.391856,"місто"
"смт Чабани","Київська область",4193,30.422525,50.340194,"смт"
"смт Макарів","Київська область",10145,29.814851,50.467221,"смт"
"смт Кодра","Київська область",1444,29.560978,50.594042,"смт"
"м. Миронівка","Київська область",11851,30.981484,49.65886,"місто"
"м. Українка","Київська область",15775,30.456149,50.29807,"місто"
"смт Козин","Київська область",3333,30.659123,50.216244,"смт"
"смт Красятичі","Київська область",647,29.637739,51.076564,"смт"
"смт Рокитне","Київська область",11371,30.481679,49.691319,"смт"
"м. Сквира","Київська область",16616,29.666287,49.731728,"місто"
"смт Ставище","Київська область",6851,30.19111,49.391864,"смт"
"м. Тараща","Київська область",11275,30.506158,49.56103,"місто"
"м. Тетіїв","Київська область",13270,29.689248,49.370944,"місто"
"смт Борова","Київська область",7317,30.103848,50.173253,"смт"
"смт Кожанка","Київська область",2098,29.767456,49.97541,"смт"
"м. Яготин","Київська область",20340,31.76097,50.283244,"місто"
"м. Кіровоград","Кіровоградська область",233333,32.262311,48.507927,"місто"
"смт Нове","Кіровоградська область",8652,32.125794,48.526142,"смт"
"м. Знам'янка","Кіровоградська область",23743,32.69043,48.713054,"місто"
"смт Знам'янка Друга","Кіровоградська область",5101,32.593061,48.716306,"смт"
"м. Олександрія","Кіровоградська область",82636,33.116788,48.67162,"місто"
"смт Димитрове","Кіровоградська область",4877,32.988599,48.60373,"смт"
"смт Пантаївка","Кіровоградська область",2732,32.894734,48.675945,"смт"
"м. Світловодськ","Кіровоградська область",46372,33.205057,49.052446,"місто"
"смт Власівка","Кіровоградська область",7705,33.279617,49.120488,"смт"
"м. Бобринець","Кіровоградська область",11005,32.15816,48.057671,"місто"
"смт Вільшанка","Кіровоградська область",4729,31.082113,48.630872,"смт"
"м. Гайворон","Кіровоградська область",15087,29.866441,48.340581,"місто"
"смт Завалля","Кіровоградська область",4882,30.012372,48.208931,"смт"
"смт Салькове","Кіровоградська область",1751,29.982566,48.262186,"смт"
"смт Голованівськ","Кіровоградська область",6093,30.397561,48.361143,"смт"
"смт Побузьке","Кіровоградська область",6059,30.593573,48.167063,"смт"
"м. Помічна","Кіровоградська область",9201,31.406055,48.243192,"місто"
"смт Добровеличківка","Кіровоградська область",5699,31.176903,48.384754,"смт"
"м. Долинська","Кіровоградська область",19457,32.764676,48.110784,"місто"
"смт Молодіжне","Кіровоградська область",1280,32.660597,48.179086,"смт"
"смт Компаніївка","Кіровоградська область",4535,32.205331,48.253188,"смт"
"м. Мала Виска","Кіровоградська область",11014,31.627301,48.640898,"місто"
"смт Смоліне","Кіровоградська область",9841,31.294637,48.601537,"смт"
"смт Новгородка","Кіровоградська область",5825,32.649718,48.355569,"смт"
"смт Новоархангельськ","Кіровоградська область",6382,30.823928,48.667675,"смт"
"м. Новомиргород","Кіровоградська область",11495,31.651366,48.800193,"місто"
"смт Капітанівка","Кіровоградська область",2604,31.719764,48.917254,"смт"
"м. Новоукраїнка","Кіровоградська область",17554,31.526932,48.315536,"місто"
"смт Олександрівка","Кіровоградська область",8868,33.302236,48.726428,"смт"
"смт Єлизаветградка","Кіровоградська область",1275,32.404442,48.796846,"смт"
"смт Лісове","Кіровоградська область",1145,32.3314,48.839392,"смт"
"смт Нова Прага","Кіровоградська область",7051,32.890413,48.557232,"смт"
"смт Приютівка","Кіровоградська область",3328,33.06536,48.720264,"смт"
"смт Онуфріївка","Кіровоградська область",4009,33.453189,48.904535,"смт"
"смт Павлиш","Кіровоградська область",4676,33.342993,48.921161,"смт"
"смт Петрове","Кіровоградська область",7461,32.695227,48.69577,"смт"
"смт Балахівка","Кіровоградська область",830,33.180685,48.46302,"смт"
"м. Ульяновка","Кіровоградська область",6092,30.232109,48.330028,"місто"
"смт Устинівка","Кіровоградська область",3484,32.536261,47.957187,"смт"
"м. Луганськ","Луганська область",424113,39.307708,48.573837,"місто"
"м. Олександрівськ","Луганська область",6596,39.187657,48.586777,"місто"
"смт Ювілейне","Луганська область",16948,39.186723,48.553034,"смт"
"м. Алчевськ","Луганська область",110474,38.797474,48.46906,"місто"
"м. Антрацит","Луганська область",54242,39.093918,48.129809,"місто"
"смт Боково-Платове","Луганська область",2650,39.026876,48.114417,"смт"
"смт Верхній Нагольчик","Луганська область",1732,39.091744,48.082416,"смт"
"смт Дубівський","Луганська область",3957,39.121783,48.062934,"смт"
"смт Кам'яне","Луганська область",2705,39.152398,48.166534,"смт"
"смт Кріпенський","Луганська область",6836,39.056781,48.081959,"смт"
"смт Щотове","Луганська область",3641,39.112082,48.17467,"смт"
"м. Брянка","Луганська область",46830,38.665538,48.505671,"місто"
"смт Вергулівка","Луганська область",1295,38.534528,48.399514,"смт"
"смт Ганнівка","Луганська область",259,38.827891,49.358623,"смт"
"смт Глибокий","Луганська область",211,38.586387,48.475361,"смт"
"смт Ломуватка","Луганська область",925,38.557291,48.453669,"смт"
"смт Южна Ломуватка","Луганська область",3392,38.531141,48.437455,"смт"
"м. Кіровськ","Луганська область",28244,38.643403,48.63763,"місто"
"смт Донецький","Луганська область",3635,38.672698,48.699885,"смт"
"смт Червоногвардійське","Луганська область",1365,38.754121,48.594691,"смт"
"м. Красний Луч","Луганська область",82228,38.91933,48.136947,"місто"
"м. Вахрушеве","Луганська область",11731,38.83885,48.160416,"місто"
"м. Міусинськ","Луганська область",4732,38.898399,48.077396,"місто"
"м. Петровське","Луганська область",13117,38.889129,48.293595,"місто"
"смт Грушове","Луганська область",860,38.809215,48.246877,"смт"
"смт Запоріжжя","Луганська область",866,38.720964,48.265383,"смт"
"смт Княгинівка","Луганська область",868,38.856277,48.118845,"смт"
"смт Садово-Хрустальненський","Луганська область",597,38.727809,48.150775,"смт"
"смт Софіївський","Луганська область",3926,38.883703,48.209003,"смт"
"смт Федорівка","Луганська область",414,38.849935,48.316351,"смт"
"смт Хрустальне","Луганська область",1393,38.83885,48.160416,"смт"
"смт Штерівка","Луганська область",1246,38.94592,48.313954,"смт"
"м. Краснодон","Луганська область",44014,39.734318,48.299283,"місто"
"м. Молодогвардійськ","Луганська область",23113,39.65797,48.354067,"місто"
"м. Суходільськ","Луганська область",20949,39.722325,48.353833,"місто"
"смт Гірне","Луганська область",43,39.604233,48.274571,"смт"
"смт Енгельсове","Луганська область",974,39.612749,48.299643,"смт"
"смт Ізварине","Луганська область",1675,39.893005,48.28754,"смт"
"смт Краснодарський","Луганська область",332,39.965454,48.295915,"смт"
"смт Краснодон","Луганська область",5287,39.734318,48.299283,"смт"
"смт Сєверний","Луганська область",1854,39.919865,48.353516,"смт"
"смт Сєверо-Гундорівський","Луганська область",1107,39.882908,48.371864,"смт"
"смт Урало-Кавказ","Луганська область",2526,39.806641,48.31665,"смт"
"м. Лисичанськ","Луганська область",103459,38.419552,48.912914,"місто"
"м. Новодружеськ","Луганська область",7660,38.355143,48.962596,"місто"
"м. Привілля","Луганська область",7643,38.296833,49.001584,"місто"
"м. Первомайськ","Луганська область",38235,38.535704,48.631705,"місто"
"м. Ровеньки","Луганська область",47370,39.342679,48.071051,"місто"
"смт Великокам'янка","Луганська область",1149,39.433903,48.140494,"смт"
"смт Гірник","Луганська область",785,39.192014,48.068438,"смт"
"смт Дзержинський","Луганська область",8683,39.440083,48.039637,"смт"
"смт Кленовий","Луганська область",2096,39.456388,48.118899,"смт"
"смт Михайлівка","Луганська область",2801,39.263358,48.068293,"смт"
"смт Нагольно-Тарасівка","Луганська область",2086,39.472971,47.994362,"смт"
"смт Новодар'ївка","Луганська область",4425,39.479744,48.078233,"смт"
"смт Пролетарський","Луганська область",1569,39.256001,48.133261,"смт"
"смт Тацине","Луганська область",270,39.211893,48.06559,"смт"
"смт Ясенівський","Луганська область",9033,39.217598,48.160536,"смт"
"м. Рубіжне","Луганська область",59951,38.384985,49.012931,"місто"
"м. Свердловськ","Луганська область",64895,39.658302,48.072827,"місто"
"м. Червонопартизанськ","Луганська область",15582,39.800452,48.075042,"місто"
"смт Володарськ","Луганська область",2757,39.585521,48.124053,"смт"
"смт Калінінський","Луганська область",1683,39.593228,48.022688,"смт"
"смт Комсомольський","Луганська область",3084,39.671453,48.126255,"смт"
"смт Ленінське","Луганська область",3346,39.56114,48.076577,"смт"
"смт Павлівка","Луганська область",1035,38.710741,49.606978,"смт"
"смт Шахтарське","Луганська область",3577,39.552876,48.049709,"смт"
"м. Сєвєродонецьк","Луганська область",108899,38.490313,48.953208,"місто"
"смт Борівське","Луганська область",5897,38.562501,48.867355,"смт"
"смт Воронове","Луганська область",867,38.574997,48.898287,"смт"
"смт Метьолкіне","Луганська область",755,38.547607,48.92949,"смт"
"смт Сиротине","Луганська область",1637,38.508629,48.91276,"смт"
"м. Стаханов","Луганська область",77168,38.646575,48.568131,"місто"
"м. Алмазна","Луганська область",4299,38.579551,48.521637,"місто"
"м. Ірміно","Луганська область",9886,38.582839,48.596735,"місто"
"смт Єсаулівка","Луганська область",1445,39.020202,48.047709,"смт"
"смт Іванівка","Луганська область",7219,38.952487,48.232613,"смт"
"смт Красний Кут","Луганська область",2453,38.790125,48.20268,"смт"
"смт Маломиколаївка","Луганська область",1702,39.021972,48.306835,"смт"
"смт Нижній Нагольчик","Луганська область",1633,39.062683,48.017029,"смт"
"смт Фащівка","Луганська область",2309,38.603078,48.274193,"смт"
"смт Біловодськ","Луганська область",8179,39.575513,49.199186,"смт"
"смт Білокуракине","Луганська область",6669,38.722464,49.531547,"смт"
"смт Лозно-Олександрівка","Луганська область",953,38.737107,49.838208,"смт"
"смт Великий Лог","Луганська область",609,39.569746,48.258731,"смт"
"смт Мирне","Луганська область",382,38.708756,49.780132,"смт"
"смт Новоолександрівка","Луганська область",1572,38.199106,49.255955,"смт"
"смт Новосвітлівка","Луганська область",3717,39.503549,48.494788,"смт"
"смт Сімейкине","Луганська область",2257,39.54215,48.332675,"смт"
"смт Талове","Луганська область",1407,39.960064,48.861179,"смт"
"м. Кремінна","Луганська область",20137,38.221105,49.049943,"місто"
"смт Красноріченське","Луганська область",4355,38.207604,49.21037,"смт"
"м. Лутугине","Луганська область",17905,39.215702,48.401865,"місто"
"смт Біле","Луганська область",6427,39.03665,48.493498,"смт"
"смт Білоріченський","Луганська область",3289,39.101958,48.442846,"смт"
"смт Врубівський","Луганська область",1287,39.119286,48.418754,"смт"
"смт Георгіївка","Луганська область",6432,39.265801,48.431537,"смт"
"смт Леніна","Луганська область",1054,39.149829,48.425241,"смт"
"смт Успенка","Луганська область",8829,39.153548,48.394016,"смт"
"смт Челюскінець","Луганська область",1122,39.195697,48.43284,"смт"
"смт Юр'ївка","Луганська область",2974,38.985239,48.489641,"смт"
"смт Марківка","Луганська область",6139,39.555526,49.525314,"смт"
"смт Мілове","Луганська область",5929,40.130933,49.377279,"смт"
"м. Щастя","Луганська область",12629,39.230291,48.738123,"місто"
"смт Новоайдар","Луганська область",8498,39.003107,48.973135,"смт"
"смт Новопсков","Луганська область",9891,39.117292,49.52977,"смт"
"смт Білолуцьк","Луганська область",3983,39.02826,49.699162,"смт"
"м. Перевальськ","Луганська область",25744,38.819617,48.435697,"місто"
"м. Артемівськ","Луганська область",7465,38.717631,48.438836,"місто"
"м. Зоринськ","Луганська область",7291,38.618673,48.414311,"місто"
"смт Байрачки","Луганська область",820,38.599206,48.388249,"смт"
"смт Бугаївка","Луганська область",3079,38.861622,48.419729,"смт"
"смт Городище","Луганська область",2455,39.65337,49.051212,"смт"
"смт Комісарівка","Луганська область",1687,38.530485,48.388093,"смт"
"смт Михайлівка","Луганська область",2422,39.263358,48.068293,"смт"
"смт Селезнівка","Луганська область",2474,38.794033,48.399568,"смт"
"смт Фащівка","Луганська область",4709,38.603078,48.274193,"смт"
"смт Центральний","Луганська область",828,38.575338,48.353222,"смт"
"смт Ящикове","Луганська область",1818,38.753735,48.413844,"смт"
"м. Гірське","Луганська область",10041,38.500473,48.749856,"місто"
"м. Золоте","Луганська область",14376,38.519463,48.692743,"місто"
"м. Попасна","Луганська область",21765,38.376577,48.63376,"місто"
"смт Білогорівка","Луганська область",925,38.248486,48.927128,"смт"
"смт Вовчоярівка","Луганська область",847,38.383377,48.830011,"смт"
"смт Врубівка","Луганська область",993,38.378625,48.744842,"смт"
"смт Калинове","Луганська область",3066,38.508899,48.565514,"смт"
"смт Комишуваха","Луганська область",2198,38.477242,48.696317,"смт"
"смт Малорязанцеве","Луганська область",793,38.383027,48.88477,"смт"
"смт Мирна Долина","Луганська область",328,38.476532,48.809895,"смт"
"смт Нижнє","Луганська область",2502,38.619922,48.771296,"смт"
"смт Новотошківське","Луганська область",2347,38.632507,48.725209,"смт"
"смт Тошківка","Луганська область",4298,38.558773,48.779585,"смт"
"смт Чорнухине","Луганська область",5835,38.515537,48.32638,"смт"
"м. Сватове","Луганська область",18093,38.16205,49.409276,"місто"
"смт Нижня Дуванка","Луганська область",2183,38.168904,49.583148,"смт"
"смт Бірюкове","Луганська область",3999,39.744621,47.953863,"смт"
"м. Зимогір'я","Луганська область",9881,38.919707,48.59105,"місто"
"смт Слов'яносербськ","Луганська область",8005,38.979068,48.694104,"смт"
"смт Лозівський","Луганська область",4957,38.882176,48.561478,"смт"
"смт Лотикове","Луганська область",3190,38.916563,48.524966,"смт"
"смт Родакове","Луганська область",6233,39.028691,48.5579,"смт"
"смт Фрунзе","Луганська область",3233,38.756286,48.669061,"смт"
"смт Станиця Луганська","Луганська область",13774,39.472108,48.670638,"смт"
"смт Петрівка","Луганська область",4994,39.262091,48.812037,"смт"
"м. Старобільськ","Луганська область",17980,38.924109,49.279434,"місто"
"смт Троїцьке","Луганська область",7816,38.370918,48.524,"смт"
"м. Львів","Львівська область",729038,24.029709,49.839678,"місто"
"м. Винники","Львівська область",16517,24.144541,49.817503,"місто"
"смт Брюховичі","Львівська область",5994,23.94993,49.90331,"смт"
"смт Рудне","Львівська область",6826,23.869621,49.840543,"смт"
"м. Борислав","Львівська область",34877,23.419061,49.28933,"місто"
"смт Східниця","Львівська область",2219,23.353125,49.223493,"смт"
"м. Дрогобич","Львівська область",76866,23.508956,49.353671,"місто"
"м. Стебник","Львівська область",20988,23.540487,49.308746,"місто"
"м. Моршин","Львівська область",6013,23.871956,49.15171,"місто"
"м. Новий Розділ","Львівська область",28875,24.150362,49.469777,"місто"
"м. Самбір","Львівська область",34879,23.199037,49.521764,"місто"
"м. Стрий","Львівська область",59835,23.842967,49.258136,"місто"
"м. Трускавець","Львівська область",29386,23.506153,49.278229,"місто"
"м. Червоноград","Львівська область",67993,24.228758,50.386853,"місто"
"м. Соснівка","Львівська область",11437,24.253749,50.294352,"місто"
"смт Гірник","Львівська область",2895,24.215274,50.350559,"смт"
"м. Броди","Львівська область",23803,25.154077,50.07805,"місто"
"смт  Підкамінь","Львівська область",2087,25.322879,49.944505,"смт"
"м. Буськ","Львівська область",8484,24.608467,49.968348,"місто"
"смт Красне","Львівська область",6353,24.619705,49.917581,"смт"
"смт Олесько","Львівська область",1470,24.893898,49.963075,"смт"
"м. Городок","Львівська область",16046,23.635807,49.782697,"місто"
"м. Комарно","Львівська область",3841,23.703109,49.630621,"місто"
"смт Великий Любінь","Львівська область",4571,23.733517,49.723948,"смт"
"смт Меденичі","Львівська область",3391,23.745905,49.426904,"смт"
"смт Підбуж","Львівська область",3182,23.244968,49.332276,"смт"
"м. Жидачів","Львівська область",11149,24.144352,49.38502,"місто"
"м. Ходорів","Львівська область",9813,24.310235,49.405718,"місто"
"смт Гніздичів","Львівська область",4188,24.105285,49.337184,"смт"
"смт Журавне","Львівська область",3555,23.916728,49.717495,"смт"
"смт Нові Стрілища","Львівська область",851,24.403732,49.5166,"смт"
"м. Жовква","Львівська область",13629,23.976592,50.054915,"місто"
"м. Дубляни","Львівська область",10132,24.092627,49.896226,"місто"
"м. Рава-Руська","Львівська область",8487,23.624165,50.225033,"місто"
"смт Куликів","Львівська область",3997,24.076197,49.979031,"смт"
"смт Магерів","Львівська область",2000,23.699372,50.108766,"смт"
"м. Золочів","Львівська область",24119,24.896431,49.806196,"місто"
"м. Глиняни","Львівська область",3165,24.513775,49.830695,"місто"
"смт Поморяни","Львівська область",1360,24.938077,49.643514,"смт"
"м. Кам'янка-Бузька","Львівська область",10837,24.337661,50.10497,"місто"
"смт Добротвір","Львівська область",6486,24.373773,50.219662,"смт"
"смт Запитів","Львівська область",2827,24.224168,49.920823,"смт"
"смт Новий Яричів","Львівська область",2953,24.306974,49.901941,"смт"
"м. Миколаїв","Львівська область",14934,23.980167,49.525875,"місто"
"смт Розділ","Львівська область",2588,24.150362,49.469777,"смт"
"м. Мостиська","Львівська область",9258,23.160248,49.796004,"місто"
"м. Судова Вишня","Львівська область",6504,23.370822,49.788583,"місто"
"м. Перемишляни","Львівська область",6885,24.560012,49.670521,"місто"
"м. Бібрка","Львівська область",3816,24.298449,49.635913,"місто"
"м. Пустомити","Львівська область",9211,23.905517,49.720454,"місто"
"смт Щирець","Львівська область",5771,23.855957,49.65122,"смт"
"м. Радехів","Львівська область",9612,24.645046,50.278277,"місто"
"смт Лопатин","Львівська область",3390,24.860534,50.215027,"смт"
"м. Рудки","Львівська область",5447,24.047146,49.841386,"місто"
"смт Дубляни","Львівська область",1806,24.092627,49.896226,"смт"
"м. Новий Калинів","Львівська область",4123,23.304571,49.560487,"місто"
"м. Сколе","Львівська область",6324,23.511642,49.033596,"місто"
"смт Верхнє Синьовидне","Львівська область",3446,23.590658,49.094585,"смт"
"смт Славське","Львівська область",3392,23.447358,48.848648,"смт"
"м. Сокаль","Львівська область",21371,24.284606,50.479907,"місто"
"м. Белз","Львівська область",2352,24.00161,50.380024,"місто"
"м. Великі Мости","Львівська область",6132,24.145843,50.239116,"місто"
"м. Угнів","Львівська область",1002,23.747719,50.36808,"місто"
"смт Жвирка","Львівська область",3693,24.256758,50.464984,"смт"
"м. Старий Самбір","Львівська область",6596,23.008046,49.443941,"місто"
"м. Добромиль","Львівська область",4406,22.789423,49.570589,"місто"
"м. Хирів","Львівська область",4056,22.85324,49.530752,"місто"
"смт Нижанковичі","Львівська область",1832,22.805737,49.680362,"смт"
"смт Стара Сіль","Львівська область",1144,22.965439,49.489303,"смт"
"смт Дашава","Львівська область",2383,24.009794,49.260065,"смт"
"м. Турка","Львівська область",7207,23.022491,49.157378,"місто"
"смт Бориня","Львівська область",1449,22.995362,49.077639,"смт"
"м. Яворів","Львівська область",13009,23.385815,49.939629,"місто"
"м. Новояворівськ","Львівська область",29950,23.570464,49.933187,"місто"
"смт Івано-Франкове","Львівська область",6363,23.723204,49.919257,"смт"
"смт Краковець","Львівська область",1133,23.157185,49.958294,"смт"
"смт Немирів","Львівська область",2001,23.437711,50.10189,"смт"
"смт Шкло","Львівська область",5862,23.525727,49.950185,"смт"
"м. Миколаїв","Миколаївська область",494922,31.994577,46.975033,"місто"
"м. Вознесенськ","Миколаївська область",36192,31.336112,47.560495,"місто"
"м. Очаків","Миколаївська область",14566,31.533777,46.618109,"місто"
"м. Первомайськ","Миколаївська область",66672,30.84538,48.04886,"місто"
"м. Южноукраїнськ","Миколаївська область",40378,31.170426,47.824272,"місто"
"смт Арбузинка","Миколаївська область",6418,31.3136,47.90667,"смт"
"смт Костянтинівка","Миколаївська область",2212,31.916423,47.09866,"смт"
"м. Баштанка","Миколаївська область",12658,32.437572,47.407052,"місто"
"смт Березанка","Миколаївська область",4095,31.387585,46.854975,"смт"
"смт Березнегувате","Миколаївська область",7778,32.847716,47.311256,"смт"
"смт Братське","Миколаївська область",5340,31.573447,47.86621,"смт"
"смт Веселинове","Миколаївська область",6069,31.23983,47.354762,"смт"
"смт Кудрявцівка","Миколаївська область",2050,31.019905,47.304626,"смт"
"смт Олександрівка","Миколаївська область",5368,31.268864,47.691948,"смт"
"смт Врадіївка","Миколаївська область",8410,30.592953,47.861597,"смт"
"смт Доманівка","Миколаївська область",6147,30.978645,47.627581,"смт"
"смт Єланець","Миколаївська область",4936,31.990543,47.369552,"смт"
"смт Воскресенське","Миколаївська область",4792,32.142817,47.014977,"смт"
"смт Первомайське","Миколаївська область",2869,32.436018,47.043195,"смт"
"смт Казанка","Миколаївська область",7221,32.826156,47.838106,"смт"
"смт Криве Озеро","Миколаївська область",7894,31.782592,46.494401,"смт"
"смт Ольшанське","Миколаївська область",3736,31.757853,47.16523,"смт"
"м. Новий Буг","Миколаївська область",15603,32.507703,47.684002,"місто"
"м. Нова Одеса","Миколаївська область",12253,31.774157,47.310871,"місто"
"смт Підгородна","Миколаївська область",2191,30.885741,48.109845,"смт"
"м. Снігурівка","Миколаївська область",12992,32.799764,47.070821,"місто"
"м. Одеса","Одеська область",1017022,30.732597,46.484579,"місто"
"м. Білгород-Дністровський","Одеська область",50105,30.333304,46.186468,"місто"
"смт Затока","Одеська область",1921,30.405789,46.908223,"смт"
"смт Сергіївка","Одеська область",5344,29.954602,46.001749,"смт"
"м. Ізмаїл","Одеська область",72501,28.836145,45.350981,"місто"
"м. Іллічівськ","Одеська область",59840,30.657039,46.301785,"місто"
"смт Олександрівка","Одеська область",7300,30.712879,47.272207,"смт"
"м. Котовськ","Одеська область",40717,29.535115,47.741955,"місто"
"м. Теплодар","Одеська область",10227,30.326495,46.50628,"місто"
"м. Южне","Одеська область",31796,31.101148,46.623556,"місто"
"м. Ананьїв","Одеська область",8563,29.966648,47.719786,"місто"
"м. Арциз","Одеська область",15021,29.432204,45.994449,"місто"
"м. Балта","Одеська область",19082,29.622009,47.940066,"місто"
"м. Березівка","Одеська область",9778,30.917093,47.200464,"місто"
"смт Раухівка","Одеська область",2676,30.817433,47.168397,"смт"
"м. Біляївка","Одеська область",11993,30.225354,46.472633,"місто"
"смт Хлібодарське","Одеська область",2344,30.591884,46.484641,"смт"
"м. Болград","Одеська область",15584,28.612096,45.679588,"місто"
"смт Велика Михайлівка","Одеська область",5673,29.853335,47.078419,"смт"
"смт Цебрикове","Одеська область",2836,30.104306,47.145186,"смт"
"смт Іванівка","Одеська область",2497,30.46436,46.979004,"смт"
"смт Петрівка","Одеська область",4693,29.265747,47.985817,"смт"
"смт Радісне","Одеська область",1597,30.575733,46.492279,"смт"
"смт Суворове","Одеська область",4623,28.985391,45.579459,"смт"
"м. Кілія","Одеська область",20449,29.266097,45.450363,"місто"
"м. Вилкове","Одеська область",8422,29.583561,45.402903,"місто"
"м. Кодима","Одеська область",8860,29.1249,48.093262,"місто"
"смт Слобідка","Одеська область",2396,29.346379,47.886691,"смт"
"смт Комінтернівське","Одеська область",6903,30.944859,46.820066,"смт"
"смт Нові Білярі","Одеська область",202,31.0059,46.629682,"смт"
"смт Чорноморське","Одеська область",6865,30.941428,46.585925,"смт"
"смт Красні Окни","Одеська область",5355,29.457761,47.540158,"смт"
"смт Любашівка","Одеська область",9459,30.264116,47.835778,"смт"
"смт Зеленогірське","Одеська область",1568,30.09773,47.872641,"смт"
"смт Миколаївка","Одеська область",2853,30.217646,45.9071,"смт"
"смт Овідіополь","Одеська область",11887,30.427645,46.251972,"смт"
"смт Авангард","Одеська область",3502,30.615699,46.464874,"смт"
"смт Великодолинське","Одеська область",13378,30.565267,46.342407,"смт"
"смт Таїрове","Одеська область",2818,30.646709,46.365129,"смт"
"м. Рені","Одеська область",19315,28.271069,45.457627,"місто"
"м. Роздільна","Одеська область",17930,30.079054,46.848566,"місто"
"смт Лиманське","Одеська область",7430,28.412563,45.431986,"смт"
"смт Саврань","Одеська область",6486,30.079324,48.129827,"смт"
"смт Сарата","Одеська область",4351,29.674372,46.020033,"смт"
"смт Тарутине","Одеська область",6083,29.145031,46.184559,"смт"
"смт Березине","Одеська область",3510,29.202595,46.235387,"смт"
"смт Бородіно","Одеська область",1633,29.242902,46.300633,"смт"
"смт Серпневе","Одеська область",1777,29.022698,46.302644,"смт"
"м. Татарбунари","Одеська область",10974,29.611086,45.84704,"місто"
"смт Фрунзівка","Одеська область",5278,29.754502,47.331035,"смт"
"смт Затишшя","Одеська область",3568,29.870834,47.335267,"смт"
"смт Ширяєве","Одеська область",6807,30.191101,47.387845,"смт"
"м. Полтава","Полтавська область",295950,34.551416,49.588334,"місто"
"м. Комсомольск","Полтавська область",51958,33.636023,49.011725,"місто"
"м. Кременчук","Полтавська область",225828,33.410025,49.065782,"місто"
"м. Лубни","Полтавська область",47397,32.988518,50.01847,"місто"
"м. Миргород","Полтавська область",40876,33.611455,49.965752,"місто"
"смт Велика Багачка","Полтавська область",5785,33.72139,49.793044,"смт"
"смт Гоголеве","Полтавська область",2574,33.824355,49.916833,"смт"
"м. Гадяч","Полтавська область",24187,33.988989,50.367218,"місто"
"м. Глобине","Полтавська область",9921,33.271047,49.379947,"місто"
"смт Градизьк","Полтавська область",6572,33.131377,49.229853,"смт"
"м. Гребінка","Полтавська область",10938,32.440114,50.117032,"місто"
"смт Диканька","Полтавська область",7811,34.538714,49.822594,"смт"
"м. Зіньків","Полтавська область",9899,34.359041,50.209736,"місто"
"смт Опішня","Полтавська область",5438,34.610866,49.962826,"смт"
"м. Карлівка","Полтавська область",15071,35.111704,49.458447,"місто"
"м. Кобеляки","Полтавська область",10041,34.199069,49.150508,"місто"
"смт Білики","Полтавська область",5151,34.265105,49.258801,"смт"
"смт Козельщина","Полтавська область",3809,33.841423,49.213683,"смт"
"смт Нова Галещина","Полтавська область",2289,33.755032,49.1679,"смт"
"смт Котельва","Полтавська область",12389,34.764766,50.062185,"смт"
"м. Лохвиця","Полтавська область",11801,33.265783,50.357674,"місто"
"м. Червонозаводське","Полтавська область",8560,33.401437,50.400928,"місто"
"смт Машівка","Полтавська область",3819,34.870093,49.444485,"смт"
"смт Комишня","Полтавська область",2307,33.68129,50.1843,"смт"
"смт Ромодан","Полтавська область",2886,33.32208,49.995208,"смт"
"смт Нові Санжари","Полтавська область",8414,34.316048,49.333315,"смт"
"смт Оржиця","Полтавська область",3562,32.395234,50.10683,"смт"
"смт Новооржицьке","Полтавська область",1872,32.728123,50.024165,"смт"
"м. Пирятин","Полтавська область",15933,32.516237,50.244174,"місто"
"смт Решетилівка","Полтавська область",9412,34.072308,49.5585,"смт"
"смт Семенівка","Полтавська область",6328,33.186462,49.596603,"смт"
"м. Хорол","Полтавська область",13532,33.25017,49.782802,"місто"
"смт Чорнухи","Полтавська область",2601,32.938365,50.273199,"смт"
"смт Чутове","Полтавська область",6255,35.170723,49.721462,"смт"
"смт Артемівка","Полтавська область",3353,35.071271,49.772505,"смт"
"смт Шишаки","Полтавська область",4553,34.004189,49.878216,"смт"
"м. Рівне","Рівненська область",249912,26.251611,50.619898,"місто"
"м. Дубно","Рівненська область",38087,25.759649,50.398781,"місто"
"м. Кузнецовськ","Рівненська область",41560,25.847908,51.340912,"місто"
"м. Острог","Рівненська область",15745,26.513668,50.327775,"місто"
"м. Березне","Рівненська область",13435,26.740465,50.997786,"місто"
"смт Соснове","Рівненська область",2020,27.005648,50.821712,"смт"
"смт Володимирець","Рівненська область",9051,26.144909,51.4209,"смт"
"смт Рафалівка","Рівненська область",3429,25.997343,51.309145,"смт"
"смт Гоща","Рівненська область",5393,26.684456,50.598668,"смт"
"смт Демидівка","Рівненська область",2604,25.336569,50.430844,"смт"
"смт Смига","Рівненська область",2685,25.765892,50.239928,"смт"
"м. Дубровиця","Рівненська область",9459,26.559581,51.57587,"місто"
"смт Зарічне","Рівненська область",7264,26.142915,51.82543,"смт"
"м. Здолбунів","Рівненська область",24693,26.259858,50.509538,"місто"
"смт Мізоч","Рівненська область",3526,26.140076,50.39804,"смт"
"м. Корець","Рівненська область",7304,27.160724,50.617149,"місто"
"м. Костопіль","Рівненська область",31668,26.456454,50.876795,"місто"
"смт Млинів","Рівненська область",8391,25.62333,50.511566,"смт"
"м. Радивилів","Рівненська область",10558,25.249217,50.132082,"місто"
"смт Квасилів","Рівненська область",8270,26.267485,50.55698,"смт"
"смт Клевань","Рівненська область",7773,26.013189,50.745873,"смт"
"смт Оржів","Рівненська область",3922,26.118571,50.751099,"смт"
"смт Рокитне","Рівненська область",6830,27.210186,51.287165,"смт"
"смт Томашгород","Рівненська область",2422,27.105379,51.313942,"смт"
"м. Сарни","Рівненська область",28835,26.624825,51.326984,"місто"
"смт Клесів","Рівненська область",4613,26.886936,51.317556,"смт"
"смт Степань","Рівненська область",4188,26.304468,51.13317,"смт"
"м. Суми","Сумська область",268874,34.79812,50.907737,"місто"
"м. Глухів","Сумська область",34282,33.910953,51.671964,"місто"
"м. Конотоп","Сумська область",88477,33.209863,51.238938,"місто"
"м. Лебедин","Сумська область",25816,34.486459,50.576518,"місто"
"м. Охтирка","Сумська область",48881,34.892641,50.30357,"місто"
"м. Ромни","Сумська область",41951,33.48375,50.744312,"місто"
"м. Шостка","Сумська область",78505,33.476087,51.865941,"місто"
"м. Білопілля","Сумська область",16659,34.305376,51.1461,"місто"
"м. Ворожба","Сумська область",7363,34.227196,51.175839,"місто"
"смт Жовтневе","Сумська область",4302,33.386939,51.071895,"смт"
"смт Улянівка","Сумська область",2452,34.294938,50.974068,"смт"
"м. Буринь","Сумська область",9031,33.826619,51.19574,"місто"
"смт Велика Писарівка","Сумська область",4488,35.481531,50.423734,"смт"
"смт Кириківка","Сумська область",2928,35.120624,50.353013,"смт"
"смт Червоне","Сумська область",1481,34.813517,50.828949,"смт"
"смт Шалигине","Сумська область",2451,34.126755,51.564058,"смт"
"смт Дубов'язівка","Сумська область",2595,33.375961,51.134419,"смт"
"смт Краснопілля","Сумська область",8341,35.275934,50.770067,"смт"
"смт Угроїди","Сумська область",2112,35.254141,50.863909,"смт"
"м. Кролевець","Сумська область",23507,33.375251,51.552461,"місто"
"смт Липова Долина","Сумська область",5252,33.785314,50.561712,"смт"
"смт Недригайлів","Сумська область",5646,33.881111,50.834013,"смт"
"смт Терни","Сумська область",3119,33.963801,50.98368,"смт"
"смт Чупахівка","Сумська область",2441,34.583872,50.37351,"смт"
"м. Путивль","Сумська область",16175,33.863082,51.3378,"місто"
"м. Середина-Буда","Сумська область",7169,34.030608,52.188682,"місто"
"смт Зноб-Новгородське","Сумська область",1935,33.594665,52.266043,"смт"
"смт Низи","Сумська область",2874,34.775509,50.779904,"смт"
"смт Степанівка","Сумська область",5561,34.644014,50.939828,"смт"
"смт Хотінь","Сумська область",2476,34.794661,51.076632,"смт"
"м. Тростянець","Сумська область",21220,34.971055,50.481048,"місто"
"смт Вороніж","Сумська область",7151,33.463709,51.777857,"смт"
"м. Дружба","Сумська область",4997,33.94296,52.048725,"місто"
"смт Ямпіль","Сумська область",4641,33.786743,51.947896,"смт"
"смт Свеса","Сумська область",6838,33.935692,51.953447,"смт"
"м. Тернопіль","Тернопільська область",217110,25.594763,49.553515,"місто"
"м. Чортків","Тернопільська область",29662,25.797261,49.016819,"місто"
"м. Бережани","Тернопільська область",18264,24.941014,49.446975,"місто"
"м. Борщів","Тернопільська область",11202,26.042322,48.801267,"місто"
"смт Мельниця-Подільська","Тернопільська область",3722,26.1593,48.600876,"смт"
"смт Скала-Подільська","Тернопільська область",4251,26.194586,48.852389,"смт"
"м. Бучач","Тернопільська область",12631,25.381386,49.064283,"місто"
"смт Золотий Потік","Тернопільська область",2457,25.32632,48.914086,"смт"
"м. Копичинці","Тернопільська область",6869,25.920789,49.108671,"місто"
"м. Хоростків","Тернопільська область",7034,25.91751,49.211147,"місто"
"смт Гусятин","Тернопільська область",7178,26.181947,49.069873,"смт"
"смт Гримайлів","Тернопільська область",1933,26.009192,49.328601,"смт"
"м. Заліщики","Тернопільська область",9379,25.735817,48.647738,"місто"
"смт Товсте","Тернопільська область",3353,25.72527,48.843069,"смт"
"м. Збараж","Тернопільська область",14054,25.778523,49.666423,"місто"
"смт Вишнівець","Тернопільська область",3377,25.738152,49.902643,"смт"
"м. Зборів","Тернопільська область",6816,25.146495,49.661058,"місто"
"смт Залізці","Тернопільська область",2710,25.368747,49.791351,"смт"
"смт Козова","Тернопільська область",9291,25.159296,49.431656,"смт"
"смт Козлів","Тернопільська область",1821,25.340773,49.562006,"смт"
"м. Кременець","Тернопільська область",21624,25.736769,50.101105,"місто"
"м. Почаїв","Тернопільська область",7834,25.509028,50.002747,"місто"
"м. Ланівці","Тернопільська область",8746,26.085477,49.868149,"місто"
"м. Монастириська","Тернопільська область",6065,25.170471,49.088337,"місто"
"смт Коропець","Тернопільська область",3429,25.179337,48.938693,"смт"
"м. Скалат","Тернопільська область",4020,25.983042,49.428984,"місто"
"смт Підволочиськ","Тернопільська область",8063,26.13589,49.525396,"смт"
"м. Підгайці","Тернопільська область",2830,25.138904,49.275173,"місто"
"м. Теребовля","Тернопільська область",13709,25.689913,49.300088,"місто"
"смт Дружба","Тернопільська область",1861,25.651357,49.357086,"смт"
"смт Микулинці","Тернопільська область",3717,25.608867,49.395271,"смт"
"смт Велика Березовиця","Тернопільська область",7787,25.608992,49.500133,"смт"
"смт Великі Бірки","Тернопільська область",3444,25.754259,49.520735,"смт"
"смт Заводське","Тернопільська область",3442,25.854268,48.999273,"смт"
"м. Шумськ","Тернопільська область",5460,26.114627,50.114155,"місто"
"м. Харків","Харківська область",1451132,36.231202,49.992167,"місто"
"м. Ізюм","Харківська область",51175,37.280767,49.193305,"місто"
"м. Куп'янськ","Харківська область",29247,37.613494,49.711869,"місто"
"смт Ківшарівка","Харківська область",19345,37.67873,49.629495,"смт"
"смт Куп'янськ-Вузловий","Харківська область",8895,37.646327,49.656154,"смт"
"м. Лозова","Харківська область",57916,36.311368,48.890042,"місто"
"смт Панютине","Харківська область",7358,36.274887,48.940741,"смт"
"м. Люботин","Харківська область",21853,35.929539,49.948307,"місто"
"м. Первомайський","Харківська область",30984,36.21612,49.372921,"місто"
"м. Чугуїв","Харківська область",32379,36.679426,49.835285,"місто"
"м. Балаклія","Харківська область",29395,36.852531,49.459132,"місто"
"смт Андріївка","Харківська область",8918,36.621547,49.534886,"смт"
"смт Савинці","Харківська область",5141,37.052119,49.408895,"смт"
"смт Червоний Донець","Харківська область",8927,36.571125,49.508248,"смт"
"м. Барвінкове","Харківська область",9465,37.023193,48.90993,"місто"
"смт Близнюки","Харківська область",3856,36.554982,48.856686,"смт"
"м. Богодухів","Харківська область",15720,35.52554,50.161684,"місто"
"смт Гути","Харківська область",1768,35.344772,50.132204,"смт"
"смт Шарівка","Харківська область",1712,35.767582,49.916792,"смт"
"смт Борова","Харківська область",5722,36.304936,49.795533,"смт"
"м. Валки","Харківська область",9355,35.612182,49.836349,"місто"
"смт Ков'яги","Харківська область",3121,35.564724,49.903745,"смт"
"смт Старий Мерчик","Харківська область",1779,35.74233,49.976279,"смт"
"смт Великий Бурлук","Харківська область",4019,37.383121,50.049582,"смт"
"смт Приколотне","Харківська область",2089,37.350575,50.160622,"смт"
"м. Вовчанськ","Харківська область",19029,36.942767,50.287872,"місто"
"смт Білий Колодязь","Харківська область",3950,37.104365,50.203221,"смт"
"смт Вільча","Харківська область",1765,36.941392,50.244698,"смт"
"смт Старий Салтів","Харківська область",3615,36.792973,50.081079,"смт"
"смт Дворічна","Харківська область",3794,37.672334,49.850994,"смт"
"м. Дергачі","Харківська область",18210,36.120611,50.111689,"місто"
"смт Вільшани","Харківська область",7006,35.883635,50.053834,"смт"
"смт Козача Лопань","Харківська область",5305,36.178624,50.33648,"смт"
"смт Мала Данилівка","Харківська область",8223,36.156714,50.06869,"смт"
"смт Пересічне","Харківська область",7111,35.9813,50.026497,"смт"
"смт Прудянка","Харківська область",1826,36.185954,50.244814,"смт"
"смт Слатине","Харківська область",6517,36.151477,50.213137,"смт"
"смт Солоницівка","Харківська область",13804,36.054612,49.991148,"смт"
"смт Зачепилівка","Харківська область",3677,35.244924,49.196408,"смт"
"м. Зміїв","Харківська область",15160,36.356562,49.685473,"місто"
"смт Зідьки","Харківська область",3857,36.398774,49.695089,"смт"
"смт Комсомольське","Харківська область",14681,36.140661,49.476983,"смт"
"смт Золочів","Харківська область",8977,35.969658,50.282899,"смт"
"смт Кегичівка","Харківська область",6186,35.759659,49.2846,"смт"
"смт Чапаєве","Харківська область",2745,35.402632,49.433888,"смт"
"смт Коломак","Харківська область",3004,35.30813,49.841856,"смт"
"м. Красноград","Харківська область",21231,35.456594,49.3717,"місто"
"смт Краснокутськ","Харківська область",7695,35.147628,50.055974,"смт"
"смт Костянтинівка","Харківська область",1319,35.673223,49.099275,"смт"
"смт Краснопавлівка","Харківська область",7260,36.32469,49.137413,"смт"
"смт Орілька","Харківська область",3288,36.017861,48.97598,"смт"
"смт Нова Водолага","Харківська область",11583,35.876071,49.719138,"смт"
"смт Бірки","Харківська область",549,36.055339,49.718066,"смт"
"смт Печеніги","Харківська область",5454,36.932302,49.864659,"смт"
"смт Сахновщина","Харківська область",7521,35.87335,49.149925,"смт"
"м. Мерефа","Харківська область",22383,36.059957,49.819804,"місто"
"м. Південне","Харківська область",7856,36.064412,49.876573,"місто"
"смт Бабаї","Харківська область",6915,36.192386,49.895442,"смт"
"смт Безлюдівка","Харківська область",9699,36.281571,49.874158,"смт"
"смт Березівка","Харківська область",1639,35.716656,49.441176,"смт"
"смт Буди","Харківська область",6262,36.024186,49.893428,"смт"
"смт Васищеве","Харківська область",5995,36.329424,49.830056,"смт"
"смт Високий","Харківська область",10552,36.113802,49.88171,"смт"
"смт Коротич","Харківська область",5170,36.040454,49.946487,"смт"
"смт Кулиничі","Харківська область",3055,36.505108,49.61494,"смт"
"смт Манченки","Харківська область",782,35.85426,49.978486,"смт"
"смт Пісочин","Харківська область",22972,36.108079,49.953535,"смт"
"смт Покотилівка","Харківська область",9835,36.174905,49.914913,"смт"
"смт Рогань","Харківська область",3699,36.48636,49.903774,"смт"
"смт Утківка","Харківська область",1228,36.016649,49.794544,"смт"
"смт Хорошеве","Харківська область",4300,36.224977,49.852225,"смт"
"смт Введенка","Харківська область",2456,36.49926,49.822222,"смт"
"смт Есхар","Харківська область",5519,36.590277,49.797068,"смт"
"смт Кочеток","Харківська область",3115,36.729525,49.878262,"смт"
"смт Малинівка","Харківська область",7584,36.711747,49.796294,"смт"
"смт Новопокровка","Харківська область",4829,36.557138,49.83883,"смт"
"смт Чкаловське","Харківська область",3953,36.931601,49.715177,"смт"
"смт Шевченкове","Харківська область",7063,36.448253,48.869779,"смт"
"м. Херсон","Херсонська область",297593,32.614522,46.639057,"місто"
"смт Антонівка","Херсонська область",12807,32.715124,46.677065,"смт"
"смт Зеленівка","Херсонська область",5796,32.639783,46.718123,"смт"
"смт Комишани","Херсонська область",7071,32.504595,46.636731,"смт"
"смт Наддніпрянське","Херсонська область",1149,32.707857,46.742577,"смт"
"м. Гола Пристань","Херсонська область",14785,32.532632,46.533348,"місто"
"м. Каховка","Херсонська область",37316,33.480938,46.8068,"місто"
"м. Нова Каховка","Херсонська область",47638,33.359001,46.750067,"місто"
"м.Таврійськ","Херсонська область",10941,33.422386,46.755192,"місто"
"смт Дніпряни","Херсонська область",4322,33.27738,46.7474,"смт"
"м. Берислав","Херсонська область",13044,33.429375,46.841391,"місто"
"смт Козацьке","Херсонська область",3791,33.332716,46.786207,"смт"
"смт Білозерка","Херсонська область",9738,32.441417,46.624701,"смт"
"смт Велика Лепетиха","Херсонська область",8444,33.931533,47.158466,"смт"
"смт Велика Олександрівка","Херсонська область",6941,33.311696,47.324952,"смт"
"смт Біла Криниця","Херсонська область",1290,33.191124,47.345654,"смт"
"смт Калінінське","Херсонська область",1232,32.974836,47.115054,"смт"
"смт Кар'єрне","Херсонська область",382,33.213222,47.339102,"смт"
"смт Верхній Рогачик","Херсонська область",5794,34.360003,47.241475,"смт"
"смт Високопілля","Херсонська область",4279,33.532708,47.494236,"смт"
"смт Архангельське","Херсонська область",1890,33.40654,47.430002,"смт"
"м. Генічеськ","Херсонська область",20132,34.798848,46.176653,"місто"
"смт Новоолексіївка","Херсонська область",10221,34.63857,46.221465,"смт"
"смт Партизани","Херсонська область",3567,34.752522,46.330753,"смт"
"смт Горностаївка","Херсонська область",6682,33.728164,47.010504,"смт"
"смт Іванівка","Херсонська область",4630,33.918624,46.241782,"смт"
"смт Каланчак","Херсонська область",9337,33.290648,46.250906,"смт"
"смт Мирне","Херсонська область",1927,33.463295,46.249884,"смт"
"смт Любимівка","Херсонська область",5639,33.569961,46.810032,"смт"
"смт Нижні Сірогози","Херсонська область",4982,34.376657,46.84337,"смт"
"смт Нововоронцовка","Херсонська область",6409,33.915417,47.496513,"смт"
"смт Новотроїцьке","Херсонська область",10652,34.336188,46.354363,"смт"
"смт Сиваське","Херсонська область",4490,34.547571,46.38073,"смт"
"м. Скадовськ","Херсонська область",18824,32.911011,46.119136,"місто"
"смт Лазурне","Херсонська область",3191,32.520109,46.080935,"смт"
"м. Цюрупинськ","Херсонська область",25086,32.833927,46.629911,"місто"
"смт Брилівка","Херсонська область",4368,33.14981,46.425455,"смт"
"смт Нова Маячка","Херсонська область",7054,33.228305,46.603363,"смт"
"смт Чаплинка","Херсонська область",9870,33.536625,46.364756,"смт"
"смт Асканія-Нова","Херсонська область",2918,33.866468,46.450831,"смт"
"м. Хмельницький","Хмельницька область",266095,26.987161,49.423013,"місто"
"м. Кам'янець-Подільський","Хмельницька область",102254,26.583108,48.677795,"місто"
"м. Нетішин","Хмельницька область",36844,26.63892,50.337918,"місто"
"м. Славута","Хмельницька область",35892,26.868404,50.302776,"місто"
"м. Старокостянтинів","Хмельницька область",35104,27.204418,49.754187,"місто"
"м. Шепетівка","Хмельницька область",43255,27.068306,50.185407,"місто"
"смт Білогір'я","Хмельницька область",5424,26.415949,50.004901,"смт"
"смт Ямпіль","Хмельницька область",1989,26.232028,49.957164,"смт"
"смт Віньківці","Хмельницька область",6392,27.233524,49.032982,"смт"
"м. Волочиськ","Хмельницька область",19574,26.20056,49.538078,"місто"
"смт Війтівці","Хмельницька область",870,26.442683,49.498144,"смт"
"смт Наркевичі","Хмельницька область",1555,26.640384,49.516706,"смт"
"м. Городок","Хмельницька область",16741,26.581733,49.166993,"місто"
"смт Сатанів","Хмельницька область",2425,26.264394,49.251603,"смт"
"м. Деражня","Хмельницька область",10302,27.437917,49.27017,"місто"
"смт Вовковинці","Хмельницька область",2535,27.656217,49.20499,"смт"
"смт Лозове","Хмельницька область",1592,27.299262,49.293308,"смт"
"м. Дунаївці","Хмельницька область",16232,26.856995,48.889384,"місто"
"смт Дунаївці","Хмельницька область",2527,26.856995,48.889384,"смт"
"смт Смотрич","Хмельницька область",1902,26.561189,48.661885,"смт"
"м. Ізяслав","Хмельницька область",17212,26.82197,50.118973,"місто"
"смт Стара Ушиця","Хмельницька область",2264,27.073678,48.596687,"смт"
"м. Красилів","Хмельницька область",19679,26.958963,49.650747,"місто"
"смт Антоніни","Хмельницька область",2352,26.86676,49.808202,"смт"
"смт Летичів","Хмельницька область",10570,27.623303,49.39167,"смт"
"смт Меджибіж","Хмельницька область",1471,27.402659,49.438475,"смт"
"смт Нова Ушиця","Хмельницька область",4318,27.271235,48.835372,"смт"
"м. Полонне","Хмельницька область",21651,27.510924,50.11683,"місто"
"смт Понінка","Хмельницька область",7410,27.563691,50.185228,"смт"
"смт Стара Синява","Хмельницька область",5581,27.623069,49.595955,"смт"
"смт Теофіполь","Хмельницька область",6742,26.411925,49.841525,"смт"
"смт Базалія","Хмельницька область",1688,26.470773,49.718427,"смт"
"смт Чорний Острів","Хмельницька область",964,26.764657,49.506984,"смт"
"смт Чемерівці","Хмельницька область",5314,26.351998,49.012151,"смт"
"смт Закупне","Хмельницька область",1373,26.33776,49.119468,"смт"
"смт Гриців","Хмельницька область",3607,27.227775,49.973446,"смт"
"смт Ярмолинці","Хмельницька область",7773,26.840313,49.192616,"смт"
"м. Черкаси","Черкаська область",285170,32.059759,49.444433,"місто"
"м. Ватутіне","Черкаська область",17278,31.045911,49.01036,"місто"
"м. Золотоноша","Черкаська область",28321,32.047515,49.668796,"місто"
"м. Канів","Черкаська область",25354,31.469691,49.751033,"місто"
"м. Сміла","Черкаська область",68740,31.85223,49.227717,"місто"
"м. Умань","Черкаська область",86621,30.219694,48.750807,"місто"
"м. Городище","Черкаська область",14249,31.458049,49.292485,"місто"
"смт Вільшана","Черкаська область",3167,31.208856,49.209681,"смт"
"смт Цвіткове","Черкаська область",1265,31.531253,49.155051,"смт"
"смт Драбів","Черкаська область",6643,32.131947,49.955651,"смт"
"смт Шрамківка","Черкаська область",2811,32.13325,50.142157,"смт"
"м. Жашків","Черкаська область",14146,30.100811,49.246869,"місто"
"м. Звенигородка","Черкаська область",17771,30.967847,49.069755,"місто"
"м. Кам'янка","Черкаська область",12427,32.101171,49.038935,"місто"
"смт Катеринопіль","Черкаська область",5708,30.981017,48.934971,"смт"
"смт Єрки","Черкаська область",3967,30.999154,48.982513,"смт"
"м. Корсунь-Шевченківський","Черкаська область",18656,31.255524,49.417341,"місто"
"смт Стеблів","Черкаська область",3604,31.097447,49.399656,"смт"
"смт Лисянка","Черкаська область",8068,30.823398,49.256843,"смт"
"смт Маньківка","Черкаська область",7828,30.342081,48.96159,"смт"
"смт Буки","Черкаська область",1888,30.403103,49.09288,"смт"
"м. Монастирище","Черкаська область",8970,29.811231,48.994781,"місто"
"смт Цибулів","Черкаська область",3679,29.847082,49.073467,"смт"
"м. Тальне","Черкаська область",14160,30.696987,48.888567,"місто"
"смт Бабанка","Черкаська область",2299,30.450148,48.705777,"смт"
"м. Христинівка","Черкаська область",10853,29.968346,48.814582,"місто"
"смт Верхнячка","Черкаська область",3802,30.037318,48.826233,"смт"
"смт Ірдинь","Черкаська область",846,31.676367,49.369119,"смт"
"м. Чигирин","Черкаська область",9258,32.649116,49.077179,"місто"
"смт Чорнобай","Черкаська область",7355,32.329226,49.674305,"смт"
"м. Шпола","Черкаська область",17549,31.392292,48.999769,"місто"
"м. Чернівці","Чернівецька область",262129,25.935216,48.291682,"місто"
"м. Новодністровськ","Чернівецька область",10729,27.441672,48.578111,"місто"
"м. Вижниця","Чернівецька область",4157,25.182221,48.245215,"місто"
"м. Вашківці","Чернівецька область",5405,25.497961,48.375144,"місто"
"смт Берегомет","Чернівецька область",7737,25.305461,48.156828,"смт"
"м. Герца","Чернівецька область",2113,26.258403,48.146572,"місто"
"смт Глибока","Чернівецька область",9435,25.928326,48.089741,"смт"
"м. Заставна","Чернівецька область",7985,25.844926,48.520252,"місто"
"смт Кострижівка","Чернівецька область",2733,25.709164,48.655392,"смт"
"смт Кельменці","Чернівецька область",7413,26.829246,48.463456,"смт"
"м. Кіцмань","Чернівецька область",6603,25.759865,48.441221,"місто"
"смт Лужани","Чернівецька область",4798,25.779457,48.360916,"смт"
"смт Неполоківці","Чернівецька область",2483,25.646919,48.391952,"смт"
"Сільське населення","Чернівецька область",55719,25.977005,48.268208,"місто"
"м. Новоселиця","Чернівецька область",7714,26.265266,48.219203,"місто"
"смт Путила","Чернівецька область",3374,25.103879,47.995019,"смт"
"м. Сокиряни","Чернівецька область",9388,27.416097,48.453095,"місто"
"м. Сторожинець","Чернівецька область",14407,25.722288,48.159586,"місто"
"смт Красноїльськ","Чернівецька область",10021,25.587181,48.014805,"смт"
"м. Хотин","Чернівецька область",9591,26.491902,48.509545,"місто"
"м. Чернігів","Чернігівська область",295670,31.29832,51.491512,"місто"
"м. Ніжин","Чернігівська область",72869,31.880024,51.046414,"місто"
"м. Новгород-Сіверський","Чернігівська область",13753,33.273643,52.008718,"місто"
"м. Прилуки","Чернігівська область",58202,32.385595,50.582564,"місто"
"м. Бахмач","Чернігівська область",18604,32.830163,51.183513,"місто"
"м. Батурин","Чернігівська область",2652,32.884062,51.342966,"місто"
"смт Дмитрівка","Чернігівська область",2368,32.950878,50.937466,"смт"
"м. Бобровиця","Чернігівська область",11279,31.388277,50.749709,"місто"
"м. Борзна","Чернігівська область",10396,32.42929,51.252948,"місто"
"смт Варва","Чернігівська область",8302,32.722356,50.499507,"смт"
"м. Городня","Чернігівська область",12431,31.594629,51.892956,"місто"
"м. Ічня","Чернігівська область",11454,32.396034,50.862607,"місто"
"смт Дружба","Чернігівська область",1013,32.355376,50.802856,"смт"
"смт Парафіївка","Чернігівська область",2455,32.641472,50.877056,"смт"
"м. Остер","Чернігівська область",6295,30.881007,50.947852,"місто"
"смт Козелець","Чернігівська область",8153,31.116528,50.916364,"смт"
"смт Десна","Чернігівська область",7550,30.75695,50.931154,"смт"
"смт Короп","Чернігівська область",5433,32.950896,51.565956,"смт"
"смт Понорниця","Чернігівська область",2269,32.844859,51.722674,"смт"
"м. Корюківка","Чернігівська область",13114,32.273064,51.772713,"місто"
"смт Холми","Чернігівська область",2760,32.606671,51.877463,"смт"
"смт Куликівка","Чернігівська область",5484,31.643515,51.374647,"смт"
"м. Мена","Чернігівська область",12181,32.221078,51.524171,"місто"
"смт Березна","Чернігівська область",4807,31.784155,51.569819,"смт"
"смт Макошине","Чернігівська область",2349,32.333808,51.466663,"смт"
"смт Лосинівка","Чернігівська область",4082,31.916091,50.839673,"смт"
"м. Носівка","Чернігівська область",14007,31.581478,50.930416,"місто"
"смт Ладан","Чернігівська область",6299,32.586225,50.517282,"смт"
"смт Линовиця","Чернігівська область",2746,32.39766,50.463476,"смт"
"смт Мала Дівиця","Чернігівська область",2095,32.172425,50.693442,"смт"
"смт Ріпки","Чернігівська область",7349,31.083595,51.802452,"смт"
"смт Добрянка","Чернігівська область",2853,31.182572,52.062498,"смт"
"смт Замглай","Чернігівська область",1804,31.161767,51.814552,"смт"
"смт Любеч","Чернігівська область",2146,30.664082,51.708517,"смт"
"смт Радуль","Чернігівська область",550,30.71295,51.829444,"смт"
"м. Семенівка","Чернігівська область",8486,32.577601,52.17787,"місто"
"смт Сосниця","Чернігівська область",7302,32.513956,51.53122,"смт"
"смт Срібне","Чернігівська область",3232,32.921692,50.662957,"смт"
"смт Дігтярі","Чернігівська область",1238,32.76534,50.572932,"смт"
"смт Талалаївка","Чернігівська область",5052,31.925218,50.958849,"смт"
"смт Гончарівське","Чернігівська область",3451,30.929759,51.298768,"смт"
"смт Михайло-Коцюбинське","Чернігівська область",2930,31.083955,51.455019,"смт"
"смт Олишівка","Чернігівська область",1986,31.332761,51.221414,"смт"
"смт Седнів","Чернігівська область",1132,31.568838,51.643201,"смт"
"м. Щорс","Чернігівська область",11455,31.94243,51.816618,"місто"
"м. Київ","",2868702,30.523541,50.450418,"місто"
"м.Севастополь","",344853,33.525432,44.616687,"місто"
"м. Інкерман","",12028,33.610071,44.613588,"місто"
"смт Кача","",5137,33.543659,44.772909,"смт"
